# Blender v3.4.1 OBJ File: 'metro_player.blend'
# www.blender.org
o Mannequin_Icosphere
v 0.000298 0.834445 -0.001896
v -0.082016 0.942550 0.111401
v -0.132889 0.942550 -0.045171
v 0.000298 0.942550 -0.141938
v 0.133486 0.942550 -0.045171
v 0.082612 0.942550 0.111401
v -0.132889 1.138653 0.041378
v -0.082016 1.138653 -0.115193
v 0.082612 1.138653 -0.115193
v 0.133486 1.138653 0.041379
v 0.000298 1.138652 0.138146
v 0.000298 1.225203 -0.001896
v -0.111895 0.888068 -0.038349
v -0.077987 0.857829 -0.027332
v -0.037099 0.839463 -0.014047
v -0.022814 0.839463 0.029916
v -0.048084 0.857829 0.064697
v -0.069041 0.888068 0.093542
v -0.106439 0.933925 0.081391
v -0.126370 0.930256 0.039262
v -0.135009 0.933925 -0.006537
v 0.046524 0.933926 0.125354
v 0.000298 0.930256 0.131291
v -0.045928 0.933926 0.125354
v 0.023411 0.839463 0.029916
v 0.048681 0.857829 0.064697
v 0.069637 0.888068 0.093542
v 0.000298 0.888069 -0.119864
v 0.000298 0.857829 -0.084211
v 0.000298 0.839464 -0.041219
v -0.111896 0.933925 -0.077672
v -0.077987 0.930256 -0.109647
v -0.037099 0.933926 -0.132015
v 0.112492 0.888068 -0.038349
v 0.078584 0.857829 -0.027332
v 0.037696 0.839463 -0.014047
v 0.037696 0.933926 -0.132015
v 0.078584 0.930256 -0.109647
v 0.112492 0.933925 -0.077672
v 0.135605 0.933925 -0.006537
v 0.126967 0.930256 0.039262
v 0.107035 0.933925 0.081391
v -0.022815 1.107954 0.147885
v -0.047553 1.068631 0.145376
v -0.069041 1.029307 0.132865
v 0.069637 1.029307 0.132865
v 0.048149 1.068631 0.145376
v 0.023411 1.107954 0.147885
v -0.149294 1.107954 0.022406
v -0.154553 1.068631 -0.001896
v -0.149294 1.029307 -0.026198
v -0.106439 1.029307 0.105694
v -0.124979 1.068631 0.089123
v -0.135009 1.107954 0.066370
v -0.069041 1.107954 -0.136657
v -0.047553 1.068631 -0.149168
v -0.022815 1.029308 -0.151677
v -0.135009 1.029307 -0.070163
v -0.124979 1.068631 -0.092915
v -0.106439 1.107954 -0.109486
v 0.107036 1.107954 -0.109486
v 0.125575 1.068631 -0.092915
v 0.135606 1.029307 -0.070163
v 0.023411 1.029308 -0.151677
v 0.048149 1.068631 -0.149168
v 0.069637 1.107954 -0.136657
v 0.135606 1.107954 0.066370
v 0.125575 1.068631 0.089123
v 0.107036 1.029307 0.105694
v 0.149891 1.029307 -0.026198
v 0.155149 1.068631 -0.001896
v 0.149891 1.107954 0.022406
v -0.037099 1.147277 0.128223
v -0.077987 1.150946 0.105855
v -0.111896 1.147277 0.073880
v -0.135009 1.147277 0.002745
v -0.126370 1.150946 -0.043054
v -0.106439 1.147277 -0.085183
v -0.045928 1.147277 -0.129147
v 0.000298 1.150946 -0.135084
v 0.046524 1.147277 -0.129147
v 0.107035 1.147277 -0.085183
v 0.126967 1.150946 -0.043054
v 0.135605 1.147277 0.002745
v 0.112492 1.147277 0.073880
v 0.078584 1.150946 0.105855
v 0.037696 1.147277 0.128223
v -0.037099 1.220185 0.010255
v -0.077987 1.201819 0.023540
v -0.111895 1.171580 0.034557
v 0.000298 1.171579 0.116072
v 0.000298 1.201819 0.080418
v 0.000298 1.220184 0.037426
v -0.022814 1.220184 -0.033709
v -0.048084 1.201819 -0.068490
v -0.069041 1.171580 -0.097334
v 0.023411 1.220184 -0.033709
v 0.048681 1.201819 -0.068490
v 0.069637 1.171580 -0.097334
v 0.037696 1.220185 0.010255
v 0.078584 1.201819 0.023540
v 0.112492 1.171580 0.034557
v 0.041455 1.208673 0.054752
v 0.041455 1.181928 0.098027
v 0.082613 1.181928 0.068124
v 0.066891 1.208673 -0.023534
v 0.108049 1.181928 -0.010161
v 0.092328 1.181928 -0.058544
v 0.000298 1.208673 -0.071917
v 0.025735 1.181928 -0.106927
v -0.025138 1.181928 -0.106927
v -0.066295 1.208673 -0.023534
v -0.091731 1.181928 -0.058544
v -0.107452 1.181928 -0.010161
v -0.040859 1.208673 0.054752
v -0.082016 1.181928 0.068124
v -0.040859 1.181928 0.098027
v 0.066892 1.111907 0.133038
v 0.091317 1.068631 0.123381
v 0.108049 1.111907 0.103136
v 0.149207 1.111907 -0.023534
v 0.147571 1.068631 -0.049748
v 0.133486 1.111907 -0.071917
v 0.025735 1.111907 -0.150203
v 0.000298 1.068631 -0.156747
v -0.025138 1.111907 -0.150203
v -0.132889 1.111907 -0.071918
v -0.146974 1.068630 -0.049748
v -0.148610 1.111907 -0.023534
v -0.107453 1.111907 0.103136
v -0.090721 1.068630 0.123381
v -0.066295 1.111906 0.133038
v 0.147570 1.068631 0.045956
v 0.133486 1.025355 0.068125
v 0.149207 1.025355 0.019742
v 0.091317 1.068631 -0.127174
v 0.108050 1.025355 -0.106928
v 0.066892 1.025355 -0.136830
v -0.090721 1.068631 -0.127174
v -0.066295 1.025355 -0.136830
v -0.107453 1.025355 -0.106928
v -0.146974 1.068631 0.045956
v -0.148610 1.025355 0.019742
v -0.132889 1.025355 0.068125
v 0.000298 1.068631 0.152955
v -0.025138 1.025355 0.146411
v 0.025735 1.025355 0.146411
v 0.092328 0.877720 0.054752
v 0.066892 0.850975 0.019742
v 0.108049 0.877720 0.006369
v 0.082612 0.877720 -0.071917
v 0.041455 0.850975 -0.058544
v 0.041455 0.877720 -0.101820
v -0.040859 0.877720 -0.101819
v -0.040859 0.850975 -0.058544
v -0.082016 0.877720 -0.071917
v 0.025734 0.877720 0.103135
v -0.025138 0.877720 0.103135
v 0.000298 0.850975 0.068125
v -0.107452 0.877720 0.006369
v -0.066295 0.850975 0.019742
v -0.091731 0.877720 0.054752
v -0.162407 0.386732 -0.074064
v -0.125844 0.386732 -0.108086
v -0.151698 0.386732 -0.098121
v -0.204407 0.689349 -0.103720
v -0.170288 0.689349 -0.135387
v -0.194414 0.689349 -0.126112
v 0.126364 0.386732 -0.108086
v 0.162257 0.386732 -0.074064
v 0.151744 0.386732 -0.098121
v 0.170809 0.689349 -0.135387
v 0.204280 0.689349 -0.103720
v 0.194477 0.689349 -0.126112
v -0.125844 0.386732 0.102896
v -0.162407 0.386732 0.068874
v -0.151698 0.386732 0.092931
v -0.170288 0.689349 0.130197
v -0.204407 0.689349 0.098530
v -0.194414 0.689349 0.120922
v 0.162257 0.386732 0.068874
v 0.126364 0.386732 0.102896
v 0.151744 0.386732 0.092931
v 0.204280 0.689349 0.098530
v 0.170809 0.689349 0.130197
v 0.194477 0.689349 0.120922
v -0.192042 0.741292 -0.095511
v -0.157475 0.741292 -0.127352
v -0.181917 0.741292 -0.118026
v 0.158075 0.741292 -0.127352
v 0.191915 0.741292 -0.095511
v 0.182004 0.741292 -0.118026
v 0.191915 0.741292 0.090321
v 0.158075 0.741292 0.122162
v 0.182004 0.741292 0.112836
v -0.157475 0.741292 0.122162
v -0.192042 0.741292 0.090321
v -0.181917 0.741292 0.112836
v -0.152575 0.783394 -0.069634
v -0.117240 0.783394 -0.101704
v -0.142226 0.783394 -0.092311
v 0.118037 0.783394 -0.101704
v 0.152448 0.783394 -0.069634
v 0.142369 0.783394 -0.092311
v 0.152448 0.783394 0.064444
v 0.118037 0.783394 0.096514
v 0.142369 0.783394 0.087121
v -0.117240 0.783394 0.096514
v -0.152575 0.783394 0.064444
v -0.142226 0.783394 0.087121
v -0.060614 0.809591 -0.065226
v -0.096441 0.809591 -0.033048
v -0.085948 0.809591 -0.055801
v 0.123551 0.796880 -0.050748
v 0.061814 0.809591 -0.065226
v 0.094187 0.805868 -0.060985
v 0.123551 0.796880 0.045557
v 0.061814 0.809591 0.060036
v 0.094187 0.805868 0.055795
v -0.096441 0.809591 0.027858
v -0.060614 0.809591 0.060036
v -0.085948 0.809591 0.050611
v -0.145496 0.257744 -0.094218
v -0.155768 0.257744 -0.071144
v -0.120699 0.257744 -0.103775
v 0.155630 0.257744 -0.071144
v 0.145547 0.257744 -0.094218
v 0.121204 0.257744 -0.103775
v 0.121204 0.257744 0.098585
v 0.145547 0.257744 0.089028
v 0.155630 0.257744 0.065954
v -0.155768 0.257744 0.065954
v -0.145497 0.257744 0.089028
v -0.120699 0.257744 0.098585
v -0.157158 0.136681 -0.101558
v -0.168252 0.136681 -0.076635
v -0.130374 0.136681 -0.111881
v 0.168091 0.136681 -0.076635
v 0.157200 0.136681 -0.101558
v 0.130908 0.136681 -0.111881
v 0.130908 0.136681 0.106691
v 0.157200 0.136681 0.096368
v 0.168091 0.136681 0.071445
v -0.168252 0.136681 0.071445
v -0.157158 0.136681 0.096368
v -0.130374 0.136681 0.106691
v -0.043280 0.007689 -0.097085
v 0.043814 0.007689 -0.097085
v 0.043814 0.007689 0.091895
v -0.043280 0.007689 0.091895
v -0.057780 -0.408036 0.003183
v -0.005215 0.091955 0.003183
v -0.063308 -0.407521 0.031067
v -0.012055 0.092593 0.037682
v -0.079052 -0.406054 0.054706
v -0.031533 0.094408 0.066929
v -0.102613 -0.403858 0.070501
v -0.060684 0.097126 0.086471
v -0.130406 -0.401267 0.076048
v -0.095070 0.100331 0.093333
v -0.158199 -0.398677 0.070501
v -0.129456 0.103535 0.086471
v -0.181761 -0.396481 0.054706
v -0.158607 0.106253 0.066929
v -0.197504 -0.395013 0.031067
v -0.178085 0.108068 0.037682
v -0.203032 -0.394498 0.003183
v -0.184925 0.108706 0.003183
v -0.197504 -0.395013 -0.024700
v -0.178085 0.108068 -0.031315
v -0.181761 -0.396481 -0.048339
v -0.158607 0.106253 -0.060562
v -0.158199 -0.398677 -0.064134
v -0.129456 0.103535 -0.080104
v -0.130406 -0.401267 -0.069681
v -0.095070 0.100331 -0.086966
v -0.102613 -0.403858 -0.064134
v -0.060684 0.097126 -0.080104
v -0.079052 -0.406054 -0.048339
v -0.031533 0.094408 -0.060562
v -0.063308 -0.407521 -0.024700
v -0.012055 0.092593 -0.031315
v -0.102782 -0.884017 0.003183
v -0.107443 -0.883582 0.026692
v -0.120716 -0.882345 0.046622
v -0.140581 -0.880494 0.059938
v -0.164012 -0.878310 0.064614
v -0.187444 -0.876126 0.059938
v -0.207309 -0.874274 0.046622
v -0.220582 -0.873037 0.026692
v -0.225243 -0.872603 0.003183
v -0.220582 -0.873037 -0.020325
v -0.207309 -0.874274 -0.040255
v -0.187444 -0.876126 -0.053571
v -0.164012 -0.878310 -0.058247
v -0.140581 -0.880494 -0.053571
v -0.120716 -0.882345 -0.040255
v -0.107443 -0.883582 -0.020325
v -0.049019 -0.324705 0.003183
v -0.040258 -0.241373 0.003183
v -0.031497 -0.158040 0.003183
v -0.022737 -0.074709 0.003183
v -0.013976 0.008623 0.003183
v -0.020597 0.009241 0.036580
v -0.029139 -0.074112 0.035477
v -0.037682 -0.157464 0.034375
v -0.046224 -0.240817 0.033272
v -0.054766 -0.324169 0.032170
v -0.039453 0.010998 0.064892
v -0.047372 -0.072412 0.062855
v -0.055292 -0.155823 0.060818
v -0.063212 -0.239233 0.058780
v -0.071132 -0.322644 0.056743
v -0.067672 0.013628 0.083809
v -0.074660 -0.069869 0.081148
v -0.081649 -0.153366 0.078486
v -0.088637 -0.236863 0.075824
v -0.095625 -0.320361 0.073163
v -0.100959 0.016731 0.090452
v -0.106849 -0.066869 0.087571
v -0.112738 -0.150468 0.084690
v -0.118627 -0.234068 0.081810
v -0.124517 -0.317668 0.078929
v -0.134246 0.019833 0.083809
v -0.139037 -0.063869 0.081148
v -0.143827 -0.147571 0.078486
v -0.148618 -0.231273 0.075824
v -0.153408 -0.314975 0.073163
v -0.162466 0.022464 0.064892
v -0.166325 -0.061325 0.062855
v -0.170184 -0.145114 0.060818
v -0.174043 -0.228903 0.058780
v -0.177902 -0.312692 0.056743
v -0.181322 0.024221 0.036580
v -0.184558 -0.059626 0.035477
v -0.187795 -0.143473 0.034375
v -0.191031 -0.227319 0.033272
v -0.194268 -0.311166 0.032170
v -0.187943 0.024838 0.003183
v -0.190961 -0.059029 0.003183
v -0.193979 -0.142896 0.003183
v -0.196997 -0.226764 0.003183
v -0.200014 -0.310631 0.003183
v -0.181322 0.024221 -0.030213
v -0.184558 -0.059626 -0.029110
v -0.187795 -0.143473 -0.028008
v -0.191031 -0.227319 -0.026905
v -0.194268 -0.311166 -0.025803
v -0.162466 0.022464 -0.058525
v -0.166325 -0.061325 -0.056488
v -0.170184 -0.145114 -0.054451
v -0.174043 -0.228903 -0.052414
v -0.177902 -0.312692 -0.050376
v -0.134246 0.019833 -0.077442
v -0.139037 -0.063869 -0.074781
v -0.143827 -0.147571 -0.072119
v -0.148618 -0.231273 -0.069457
v -0.153408 -0.314975 -0.066796
v -0.100959 0.016731 -0.084085
v -0.106849 -0.066869 -0.081204
v -0.112738 -0.150468 -0.078323
v -0.118627 -0.234068 -0.075443
v -0.124517 -0.317668 -0.072562
v -0.067672 0.013628 -0.077442
v -0.074660 -0.069869 -0.074781
v -0.081649 -0.153366 -0.072119
v -0.088637 -0.236863 -0.069457
v -0.095625 -0.320361 -0.066796
v -0.039453 0.010998 -0.058525
v -0.047372 -0.072412 -0.056488
v -0.055292 -0.155823 -0.054451
v -0.063212 -0.239233 -0.052413
v -0.071132 -0.322644 -0.050376
v -0.020597 0.009241 -0.030213
v -0.029139 -0.074112 -0.029110
v -0.037682 -0.157464 -0.028008
v -0.046224 -0.240817 -0.026905
v -0.054766 -0.324169 -0.025803
v -0.108941 -0.483297 0.068741
v -0.115269 -0.562736 0.066980
v -0.121597 -0.642176 0.065220
v -0.127925 -0.721615 0.063459
v -0.134253 -0.801054 0.061699
v -0.113772 -0.802963 0.047969
v -0.106828 -0.723581 0.049317
v -0.099884 -0.644200 0.050664
v -0.092940 -0.564818 0.052011
v -0.085996 -0.485436 0.053359
v -0.206734 -0.474182 0.003183
v -0.210436 -0.553866 0.003183
v -0.214138 -0.633550 0.003183
v -0.217839 -0.713234 0.003183
v -0.221541 -0.792919 0.003183
v -0.216736 -0.793366 0.027421
v -0.212889 -0.713696 0.028151
v -0.209043 -0.634025 0.028880
v -0.205197 -0.554354 0.029609
v -0.201350 -0.474684 0.030338
v -0.070664 -0.486865 0.030338
v -0.078020 -0.566208 0.029609
v -0.085376 -0.645552 0.028880
v -0.092731 -0.724895 0.028151
v -0.100087 -0.804239 0.027421
v -0.095282 -0.804687 0.003183
v -0.087781 -0.725357 0.003183
v -0.080281 -0.646027 0.003183
v -0.072781 -0.566697 0.003183
v -0.065280 -0.487367 0.003183
v -0.108941 -0.483297 -0.062374
v -0.115269 -0.562736 -0.060613
v -0.121597 -0.642176 -0.058853
v -0.127925 -0.721615 -0.057092
v -0.134253 -0.801054 -0.055332
v -0.158411 -0.798803 -0.060153
v -0.152810 -0.719296 -0.062059
v -0.147209 -0.639789 -0.063964
v -0.141608 -0.560281 -0.065870
v -0.136007 -0.480774 -0.067775
v -0.186019 -0.476113 0.053359
v -0.190277 -0.555745 0.052011
v -0.194535 -0.635378 0.050664
v -0.198793 -0.715010 0.049317
v -0.203051 -0.794642 0.047969
v -0.182570 -0.796551 0.061699
v -0.177696 -0.716976 0.063459
v -0.172822 -0.637401 0.065220
v -0.167947 -0.557826 0.066980
v -0.163073 -0.478252 0.068741
v -0.163073 -0.478252 -0.062374
v -0.167947 -0.557826 -0.060613
v -0.172822 -0.637401 -0.058853
v -0.177696 -0.716976 -0.057092
v -0.182570 -0.796551 -0.055332
v -0.203051 -0.794642 -0.041602
v -0.198793 -0.715010 -0.042950
v -0.194535 -0.635378 -0.044297
v -0.190277 -0.555745 -0.045644
v -0.186019 -0.476113 -0.046992
v -0.100087 -0.804239 -0.021054
v -0.092731 -0.724895 -0.021784
v -0.085376 -0.645552 -0.022513
v -0.078020 -0.566208 -0.023242
v -0.070664 -0.486865 -0.023971
v -0.136007 -0.480774 0.074142
v -0.141608 -0.560281 0.072237
v -0.147209 -0.639789 0.070331
v -0.152810 -0.719296 0.068426
v -0.158411 -0.798803 0.066520
v -0.201350 -0.474684 -0.023971
v -0.205197 -0.554355 -0.023242
v -0.209043 -0.634025 -0.022513
v -0.212889 -0.713696 -0.021784
v -0.216736 -0.793366 -0.021054
v -0.085996 -0.485436 -0.046992
v -0.092940 -0.564818 -0.045644
v -0.099884 -0.644200 -0.044297
v -0.106828 -0.723581 -0.042950
v -0.113772 -0.802963 -0.041602
v -0.556250 0.640643 -0.001896
v -0.220076 0.629519 -0.001896
v -0.556277 0.644904 0.019525
v -0.220110 0.634791 0.024606
v -0.556355 0.657037 0.037684
v -0.220206 0.649803 0.047073
v -0.556472 0.675196 0.049818
v -0.220350 0.672270 0.062086
v -0.556609 0.696616 0.054079
v -0.220520 0.698771 0.067357
v -0.556746 0.718037 0.049818
v -0.220690 0.725273 0.062086
v -0.556863 0.736196 0.037684
v -0.220834 0.747740 0.047073
v -0.556940 0.748329 0.019525
v -0.220930 0.762752 0.024606
v -0.556968 0.752590 -0.001896
v -0.220964 0.768023 -0.001896
v -0.556940 0.748329 -0.023317
v -0.220930 0.762752 -0.028398
v -0.556863 0.736196 -0.041476
v -0.220834 0.747740 -0.050866
v -0.556746 0.718037 -0.053610
v -0.220690 0.725273 -0.065878
v -0.556609 0.696616 -0.057871
v -0.220520 0.698771 -0.071149
v -0.556472 0.675196 -0.053610
v -0.220350 0.672270 -0.065878
v -0.556355 0.657037 -0.041476
v -0.220206 0.649803 -0.050866
v -0.556277 0.644904 -0.023317
v -0.220110 0.634791 -0.028398
v -0.875943 0.647376 -0.001896
v -0.875966 0.650968 0.016163
v -0.876031 0.661198 0.031473
v -0.876129 0.676508 0.041703
v -0.876245 0.694567 0.045295
v -0.876361 0.712626 0.041703
v -0.876459 0.727936 0.031473
v -0.876525 0.738166 0.016163
v -0.876548 0.741758 -0.001896
v -0.876525 0.738166 -0.019956
v -0.876459 0.727936 -0.035266
v -0.876361 0.712626 -0.045496
v -0.876245 0.694567 -0.049088
v -0.876129 0.676508 -0.045496
v -0.876031 0.661198 -0.035266
v -0.875966 0.650968 -0.019956
v -0.500221 0.638789 -0.001896
v -0.444192 0.636935 -0.001896
v -0.388163 0.635081 -0.001896
v -0.332134 0.633227 -0.001896
v -0.276105 0.631373 -0.001896
v -0.276138 0.636476 0.023759
v -0.332166 0.638162 0.022912
v -0.388194 0.639847 0.022065
v -0.444222 0.641533 0.021218
v -0.500249 0.643218 0.020371
v -0.276231 0.651008 0.045509
v -0.332256 0.652214 0.043944
v -0.388281 0.653420 0.042379
v -0.444305 0.654626 0.040814
v -0.500330 0.655831 0.039249
v -0.276370 0.672758 0.060041
v -0.332391 0.673245 0.057996
v -0.388411 0.673733 0.055952
v -0.444431 0.674221 0.053907
v -0.500451 0.674708 0.051862
v -0.276535 0.698412 0.065144
v -0.332550 0.698053 0.062931
v -0.388564 0.697694 0.060718
v -0.444579 0.697335 0.058505
v -0.500594 0.696976 0.056292
v -0.276699 0.724067 0.060041
v -0.332709 0.722861 0.057996
v -0.388718 0.721655 0.055952
v -0.444727 0.720449 0.053907
v -0.500737 0.719243 0.051862
v -0.276839 0.745816 0.045509
v -0.332843 0.743892 0.043944
v -0.388848 0.741968 0.042379
v -0.444853 0.740044 0.040814
v -0.500858 0.738120 0.039249
v -0.276932 0.760348 0.023759
v -0.332934 0.757944 0.022912
v -0.388935 0.755540 0.022065
v -0.444937 0.753137 0.021218
v -0.500939 0.750733 0.020371
v -0.276965 0.765451 -0.001896
v -0.332965 0.762879 -0.001896
v -0.388966 0.760307 -0.001896
v -0.444967 0.757734 -0.001896
v -0.500967 0.755162 -0.001896
v -0.276932 0.760348 -0.027551
v -0.332934 0.757944 -0.026704
v -0.388935 0.755540 -0.025857
v -0.444937 0.753137 -0.025011
v -0.500939 0.750733 -0.024164
v -0.276839 0.745816 -0.049301
v -0.332843 0.743892 -0.047736
v -0.388848 0.741968 -0.046171
v -0.444853 0.740044 -0.044606
v -0.500858 0.738120 -0.043041
v -0.276699 0.724067 -0.063833
v -0.332709 0.722861 -0.061789
v -0.388718 0.721655 -0.059744
v -0.444727 0.720449 -0.057699
v -0.500737 0.719243 -0.055655
v -0.276535 0.698412 -0.068936
v -0.332550 0.698053 -0.066723
v -0.388564 0.697694 -0.064510
v -0.444579 0.697335 -0.062297
v -0.500594 0.696976 -0.060084
v -0.276370 0.672758 -0.063833
v -0.332391 0.673245 -0.061789
v -0.388411 0.673733 -0.059744
v -0.444431 0.674221 -0.057699
v -0.500451 0.674708 -0.055655
v -0.276231 0.651008 -0.049301
v -0.332256 0.652214 -0.047736
v -0.388281 0.653420 -0.046171
v -0.444305 0.654626 -0.044606
v -0.500330 0.655831 -0.043041
v -0.276138 0.636476 -0.027551
v -0.332166 0.638162 -0.026704
v -0.388194 0.639847 -0.025857
v -0.444222 0.641533 -0.025011
v -0.500249 0.643218 -0.024164
v -0.609748 0.675415 0.048465
v -0.663024 0.675634 0.047113
v -0.716300 0.675852 0.045761
v -0.769577 0.676071 0.044408
v -0.822853 0.676289 0.043056
v -0.822752 0.660505 0.032508
v -0.769472 0.659811 0.033544
v -0.716193 0.659118 0.034579
v -0.662914 0.658424 0.035614
v -0.609635 0.657731 0.036649
v -0.610231 0.750785 -0.001896
v -0.663495 0.748979 -0.001896
v -0.716758 0.747174 -0.001896
v -0.770021 0.745369 -0.001896
v -0.823284 0.743563 -0.001896
v -0.823261 0.739860 0.016724
v -0.769997 0.741554 0.017284
v -0.716733 0.743247 0.017844
v -0.663469 0.744941 0.018404
v -0.610205 0.746635 0.018964
v -0.609559 0.645914 0.018964
v -0.662840 0.646925 0.018404
v -0.716121 0.647936 0.017844
v -0.769403 0.648947 0.017284
v -0.822684 0.649958 0.016724
v -0.822660 0.646254 -0.001896
v -0.769378 0.645132 -0.001896
v -0.716096 0.644010 -0.001896
v -0.662814 0.642887 -0.001896
v -0.609532 0.641765 -0.001896
v -0.609748 0.675415 -0.052258
v -0.663024 0.675634 -0.050905
v -0.716300 0.675852 -0.049553
v -0.769577 0.676071 -0.048200
v -0.822853 0.676289 -0.046848
v -0.822972 0.694909 -0.050552
v -0.769700 0.695250 -0.052016
v -0.716427 0.695592 -0.053479
v -0.663154 0.695933 -0.054943
v -0.609882 0.696275 -0.056407
v -0.610129 0.734819 0.036649
v -0.663395 0.733443 0.035614
v -0.716661 0.732066 0.034579
v -0.769927 0.730689 0.033544
v -0.823193 0.729313 0.032508
v -0.823092 0.713528 0.043056
v -0.769823 0.714430 0.044408
v -0.716554 0.715331 0.045761
v -0.663285 0.716233 0.047113
v -0.610015 0.717135 0.048465
v -0.610015 0.717135 -0.052258
v -0.663285 0.716233 -0.050905
v -0.716554 0.715331 -0.049553
v -0.769823 0.714430 -0.048200
v -0.823092 0.713528 -0.046848
v -0.823193 0.729313 -0.036301
v -0.769927 0.730689 -0.037336
v -0.716661 0.732066 -0.038371
v -0.663395 0.733443 -0.039406
v -0.610129 0.734819 -0.040441
v -0.822684 0.649958 -0.020516
v -0.769403 0.648947 -0.021076
v -0.716121 0.647936 -0.021636
v -0.662840 0.646925 -0.022196
v -0.609559 0.645914 -0.022757
v -0.609882 0.696275 0.052615
v -0.663154 0.695933 0.051151
v -0.716427 0.695592 0.049687
v -0.769700 0.695250 0.048223
v -0.822972 0.694909 0.046759
v -0.610205 0.746635 -0.022757
v -0.663469 0.744941 -0.022196
v -0.716733 0.743247 -0.021636
v -0.769997 0.741554 -0.021076
v -0.823261 0.739860 -0.020516
v -0.609635 0.657731 -0.040441
v -0.662914 0.658424 -0.039406
v -0.716193 0.659118 -0.038371
v -0.769472 0.659811 -0.037336
v -0.822752 0.660505 -0.036301
v 0.058576 -0.408036 0.003183
v 0.006011 0.091955 0.003183
v 0.064104 -0.407521 -0.024700
v 0.012851 0.092593 -0.031315
v 0.079848 -0.406054 -0.048339
v 0.032329 0.094408 -0.060562
v 0.103409 -0.403858 -0.064134
v 0.061480 0.097126 -0.080104
v 0.131202 -0.401267 -0.069681
v 0.095866 0.100331 -0.086966
v 0.158995 -0.398677 -0.064134
v 0.130252 0.103535 -0.080104
v 0.182557 -0.396481 -0.048339
v 0.159403 0.106253 -0.060562
v 0.198300 -0.395013 -0.024700
v 0.178881 0.108068 -0.031315
v 0.203828 -0.394498 0.003183
v 0.185721 0.108706 0.003183
v 0.198300 -0.395013 0.031067
v 0.178881 0.108068 0.037682
v 0.182557 -0.396481 0.054706
v 0.159403 0.106253 0.066929
v 0.158995 -0.398677 0.070501
v 0.130252 0.103535 0.086471
v 0.131202 -0.401267 0.076048
v 0.095866 0.100331 0.093333
v 0.103409 -0.403858 0.070501
v 0.061480 0.097126 0.086471
v 0.079848 -0.406054 0.054706
v 0.032329 0.094408 0.066929
v 0.064104 -0.407521 0.031067
v 0.012851 0.092593 0.037682
v 0.103578 -0.884017 0.003183
v 0.108239 -0.883582 -0.020325
v 0.121512 -0.882345 -0.040255
v 0.141377 -0.880494 -0.053571
v 0.164809 -0.878310 -0.058247
v 0.188240 -0.876126 -0.053571
v 0.208105 -0.874274 -0.040255
v 0.221378 -0.873037 -0.020325
v 0.226039 -0.872603 0.003183
v 0.221378 -0.873037 0.026692
v 0.208105 -0.874274 0.046622
v 0.188240 -0.876126 0.059938
v 0.164809 -0.878310 0.064614
v 0.141377 -0.880494 0.059938
v 0.121512 -0.882345 0.046622
v 0.108239 -0.883582 0.026692
v 0.049815 -0.324705 0.003183
v 0.041054 -0.241373 0.003183
v 0.032294 -0.158040 0.003183
v 0.023533 -0.074709 0.003183
v 0.014772 0.008623 0.003183
v 0.021393 0.009241 -0.030213
v 0.029935 -0.074112 -0.029110
v 0.038478 -0.157464 -0.028008
v 0.047020 -0.240817 -0.026905
v 0.055562 -0.324169 -0.025803
v 0.040249 0.010998 -0.058525
v 0.048169 -0.072412 -0.056488
v 0.056088 -0.155823 -0.054451
v 0.064008 -0.239233 -0.052413
v 0.071928 -0.322644 -0.050376
v 0.068468 0.013628 -0.077442
v 0.075456 -0.069869 -0.074781
v 0.082445 -0.153366 -0.072119
v 0.089433 -0.236863 -0.069457
v 0.096421 -0.320361 -0.066796
v 0.101755 0.016731 -0.084085
v 0.107645 -0.066869 -0.081204
v 0.113534 -0.150468 -0.078323
v 0.119424 -0.234068 -0.075443
v 0.125313 -0.317668 -0.072562
v 0.135043 0.019833 -0.077442
v 0.139833 -0.063869 -0.074781
v 0.144624 -0.147571 -0.072119
v 0.149414 -0.231273 -0.069457
v 0.154205 -0.314975 -0.066796
v 0.163262 0.022464 -0.058525
v 0.167121 -0.061325 -0.056488
v 0.170980 -0.145114 -0.054451
v 0.174839 -0.228903 -0.052414
v 0.178698 -0.312692 -0.050376
v 0.182118 0.024221 -0.030213
v 0.185354 -0.059626 -0.029110
v 0.188591 -0.143473 -0.028008
v 0.191827 -0.227319 -0.026905
v 0.195064 -0.311166 -0.025803
v 0.188739 0.024838 0.003183
v 0.191757 -0.059029 0.003183
v 0.194775 -0.142896 0.003183
v 0.197793 -0.226764 0.003183
v 0.200811 -0.310631 0.003183
v 0.182118 0.024221 0.036580
v 0.185354 -0.059626 0.035477
v 0.188591 -0.143473 0.034375
v 0.191827 -0.227319 0.033272
v 0.195064 -0.311166 0.032170
v 0.163262 0.022464 0.064892
v 0.167121 -0.061325 0.062855
v 0.170980 -0.145114 0.060818
v 0.174839 -0.228903 0.058780
v 0.178698 -0.312692 0.056743
v 0.135043 0.019833 0.083809
v 0.139833 -0.063869 0.081148
v 0.144624 -0.147571 0.078486
v 0.149414 -0.231273 0.075824
v 0.154205 -0.314975 0.073163
v 0.101755 0.016731 0.090452
v 0.107645 -0.066869 0.087571
v 0.113534 -0.150468 0.084690
v 0.119424 -0.234068 0.081810
v 0.125313 -0.317668 0.078929
v 0.068468 0.013628 0.083809
v 0.075457 -0.069869 0.081148
v 0.082445 -0.153366 0.078486
v 0.089433 -0.236863 0.075824
v 0.096421 -0.320361 0.073163
v 0.040249 0.010998 0.064892
v 0.048169 -0.072412 0.062855
v 0.056088 -0.155823 0.060818
v 0.064008 -0.239233 0.058780
v 0.071928 -0.322644 0.056743
v 0.021393 0.009241 0.036580
v 0.029935 -0.074112 0.035477
v 0.038478 -0.157464 0.034375
v 0.047020 -0.240817 0.033272
v 0.055562 -0.324169 0.032170
v 0.109737 -0.483297 -0.062374
v 0.116065 -0.562736 -0.060613
v 0.122393 -0.642176 -0.058853
v 0.128721 -0.721615 -0.057092
v 0.135049 -0.801054 -0.055332
v 0.114568 -0.802963 -0.041602
v 0.107624 -0.723581 -0.042950
v 0.100680 -0.644200 -0.044297
v 0.093736 -0.564818 -0.045644
v 0.086792 -0.485436 -0.046992
v 0.207530 -0.474182 0.003183
v 0.211232 -0.553866 0.003183
v 0.214934 -0.633550 0.003183
v 0.218635 -0.713234 0.003183
v 0.222337 -0.792919 0.003183
v 0.217532 -0.793366 -0.021054
v 0.213685 -0.713696 -0.021784
v 0.209839 -0.634025 -0.022513
v 0.205993 -0.554354 -0.023242
v 0.202146 -0.474684 -0.023971
v 0.071460 -0.486865 -0.023971
v 0.078816 -0.566208 -0.023242
v 0.086172 -0.645552 -0.022513
v 0.093528 -0.724895 -0.021784
v 0.100883 -0.804239 -0.021054
v 0.096078 -0.804687 0.003183
v 0.088578 -0.725357 0.003183
v 0.081077 -0.646027 0.003183
v 0.073577 -0.566697 0.003183
v 0.066076 -0.487367 0.003183
v 0.109737 -0.483297 0.068741
v 0.116065 -0.562736 0.066980
v 0.122393 -0.642176 0.065220
v 0.128721 -0.721615 0.063459
v 0.135049 -0.801054 0.061699
v 0.159208 -0.798803 0.066520
v 0.153606 -0.719296 0.068426
v 0.148005 -0.639789 0.070331
v 0.142404 -0.560281 0.072237
v 0.136803 -0.480774 0.074142
v 0.186815 -0.476113 -0.046992
v 0.191073 -0.555745 -0.045645
v 0.195331 -0.635378 -0.044297
v 0.199589 -0.715010 -0.042950
v 0.203847 -0.794642 -0.041602
v 0.183366 -0.796551 -0.055332
v 0.178492 -0.716976 -0.057092
v 0.173618 -0.637401 -0.058853
v 0.168744 -0.557826 -0.060613
v 0.163869 -0.478252 -0.062374
v 0.163869 -0.478252 0.068741
v 0.168744 -0.557826 0.066980
v 0.173618 -0.637401 0.065220
v 0.178492 -0.716976 0.063459
v 0.183366 -0.796551 0.061699
v 0.203847 -0.794642 0.047969
v 0.199589 -0.715010 0.049317
v 0.195331 -0.635378 0.050664
v 0.191073 -0.555745 0.052011
v 0.186815 -0.476113 0.053359
v 0.100883 -0.804239 0.027421
v 0.093528 -0.724895 0.028151
v 0.086172 -0.645552 0.028880
v 0.078816 -0.566208 0.029609
v 0.071460 -0.486865 0.030338
v 0.136803 -0.480774 -0.067775
v 0.142404 -0.560281 -0.065870
v 0.148005 -0.639789 -0.063964
v 0.153606 -0.719296 -0.062059
v 0.159208 -0.798803 -0.060153
v 0.202146 -0.474684 0.030338
v 0.205993 -0.554355 0.029609
v 0.209839 -0.634025 0.028880
v 0.213685 -0.713696 0.028151
v 0.217532 -0.793366 0.027421
v 0.086792 -0.485436 0.053359
v 0.093736 -0.564818 0.052011
v 0.100680 -0.644200 0.050664
v 0.107624 -0.723581 0.049317
v 0.114568 -0.802963 0.047969
v 0.556847 0.640643 -0.001896
v 0.220672 0.629519 -0.001896
v 0.556874 0.644904 -0.023317
v 0.220706 0.634791 -0.028398
v 0.556952 0.657037 -0.041476
v 0.220802 0.649803 -0.050866
v 0.557068 0.675196 -0.053610
v 0.220947 0.672270 -0.065878
v 0.557205 0.696616 -0.057871
v 0.221116 0.698771 -0.071149
v 0.557343 0.718037 -0.053610
v 0.221286 0.725273 -0.065878
v 0.557459 0.736196 -0.041476
v 0.221430 0.747740 -0.050866
v 0.557537 0.748329 -0.023317
v 0.221527 0.762752 -0.028398
v 0.557564 0.752590 -0.001896
v 0.221560 0.768023 -0.001896
v 0.557537 0.748329 0.019524
v 0.221527 0.762752 0.024606
v 0.557459 0.736196 0.037684
v 0.221430 0.747740 0.047073
v 0.557343 0.718037 0.049818
v 0.221286 0.725273 0.062086
v 0.557206 0.696616 0.054079
v 0.221116 0.698771 0.067357
v 0.557068 0.675196 0.049818
v 0.220947 0.672270 0.062086
v 0.556952 0.657037 0.037684
v 0.220803 0.649803 0.047073
v 0.556874 0.644904 0.019524
v 0.220706 0.634791 0.024606
v 0.876539 0.647376 -0.001896
v 0.876562 0.650968 -0.019956
v 0.876628 0.661198 -0.035266
v 0.876726 0.676508 -0.045496
v 0.876842 0.694567 -0.049088
v 0.876957 0.712626 -0.045496
v 0.877056 0.727936 -0.035266
v 0.877121 0.738165 -0.019956
v 0.877144 0.741758 -0.001896
v 0.877121 0.738165 0.016163
v 0.877056 0.727936 0.031473
v 0.876958 0.712626 0.041703
v 0.876842 0.694567 0.045295
v 0.876726 0.676508 0.041703
v 0.876628 0.661198 0.031473
v 0.876562 0.650968 0.016163
v 0.500818 0.638789 -0.001896
v 0.444789 0.636935 -0.001896
v 0.388760 0.635081 -0.001896
v 0.332730 0.633227 -0.001896
v 0.276701 0.631373 -0.001896
v 0.276734 0.636476 -0.027551
v 0.332762 0.638162 -0.026704
v 0.388790 0.639847 -0.025858
v 0.444818 0.641533 -0.025011
v 0.500846 0.643218 -0.024164
v 0.276827 0.651008 -0.049301
v 0.332852 0.652214 -0.047736
v 0.388877 0.653420 -0.046171
v 0.444902 0.654626 -0.044606
v 0.500927 0.655831 -0.043041
v 0.276967 0.672758 -0.063833
v 0.332987 0.673245 -0.061789
v 0.389007 0.673733 -0.059744
v 0.445028 0.674221 -0.057699
v 0.501048 0.674708 -0.055655
v 0.277131 0.698412 -0.068936
v 0.333146 0.698053 -0.066723
v 0.389161 0.697694 -0.064510
v 0.445176 0.697335 -0.062297
v 0.501191 0.696976 -0.060084
v 0.277296 0.724067 -0.063833
v 0.333305 0.722861 -0.061789
v 0.389315 0.721655 -0.059744
v 0.445324 0.720449 -0.057699
v 0.501333 0.719243 -0.055655
v 0.277435 0.745816 -0.049301
v 0.333440 0.743892 -0.047736
v 0.389445 0.741968 -0.046171
v 0.445450 0.740044 -0.044606
v 0.501454 0.738120 -0.043041
v 0.277528 0.760348 -0.027551
v 0.333530 0.757944 -0.026704
v 0.389532 0.755541 -0.025858
v 0.445534 0.753137 -0.025011
v 0.501535 0.750733 -0.024164
v 0.277561 0.765451 -0.001896
v 0.333562 0.762879 -0.001896
v 0.389562 0.760307 -0.001896
v 0.445563 0.757735 -0.001896
v 0.501564 0.755162 -0.001896
v 0.277528 0.760348 0.023759
v 0.333530 0.757944 0.022912
v 0.389532 0.755541 0.022065
v 0.445534 0.753137 0.021218
v 0.501535 0.750733 0.020371
v 0.277435 0.745816 0.045508
v 0.333440 0.743892 0.043944
v 0.389445 0.741968 0.042379
v 0.445450 0.740044 0.040814
v 0.501454 0.738120 0.039249
v 0.277296 0.724067 0.060041
v 0.333305 0.722861 0.057996
v 0.389315 0.721655 0.055952
v 0.445324 0.720449 0.053907
v 0.501333 0.719243 0.051862
v 0.277131 0.698412 0.065144
v 0.333146 0.698053 0.062931
v 0.389161 0.697694 0.060718
v 0.445176 0.697335 0.058505
v 0.501191 0.696976 0.056292
v 0.276967 0.672758 0.060041
v 0.332987 0.673245 0.057996
v 0.389007 0.673733 0.055952
v 0.445028 0.674221 0.053907
v 0.501048 0.674708 0.051862
v 0.276827 0.651008 0.045508
v 0.332852 0.652214 0.043944
v 0.388877 0.653420 0.042379
v 0.444902 0.654626 0.040814
v 0.500927 0.655831 0.039249
v 0.276734 0.636476 0.023759
v 0.332762 0.638162 0.022912
v 0.388790 0.639847 0.022065
v 0.444818 0.641533 0.021218
v 0.500846 0.643218 0.020371
v 0.610344 0.675415 -0.052258
v 0.663621 0.675633 -0.050905
v 0.716897 0.675852 -0.049553
v 0.770173 0.676071 -0.048200
v 0.823450 0.676289 -0.046848
v 0.823348 0.660505 -0.036301
v 0.770069 0.659811 -0.037336
v 0.716790 0.659118 -0.038371
v 0.663510 0.658424 -0.039406
v 0.610231 0.657731 -0.040441
v 0.610828 0.750785 -0.001896
v 0.664091 0.748979 -0.001896
v 0.717354 0.747174 -0.001896
v 0.770618 0.745369 -0.001896
v 0.823881 0.743563 -0.001896
v 0.823857 0.739860 -0.020516
v 0.770593 0.741554 -0.021076
v 0.717329 0.743247 -0.021636
v 0.664065 0.744942 -0.022196
v 0.610801 0.746635 -0.022757
v 0.610155 0.645914 -0.022757
v 0.663437 0.646925 -0.022196
v 0.716718 0.647936 -0.021636
v 0.769999 0.648947 -0.021076
v 0.823281 0.649958 -0.020516
v 0.823257 0.646254 -0.001896
v 0.769975 0.645132 -0.001896
v 0.716693 0.644010 -0.001896
v 0.663411 0.642887 -0.001896
v 0.610129 0.641765 -0.001896
v 0.610344 0.675415 0.048465
v 0.663621 0.675633 0.047113
v 0.716897 0.675852 0.045761
v 0.770173 0.676071 0.044408
v 0.823450 0.676289 0.043056
v 0.823569 0.694909 0.046759
v 0.770296 0.695250 0.048223
v 0.717024 0.695592 0.049687
v 0.663751 0.695933 0.051151
v 0.610478 0.696275 0.052615
v 0.610725 0.734819 -0.040441
v 0.663991 0.733443 -0.039406
v 0.717257 0.732066 -0.038371
v 0.770524 0.730689 -0.037336
v 0.823790 0.729313 -0.036301
v 0.823688 0.713528 -0.046848
v 0.770419 0.714430 -0.048200
v 0.717150 0.715331 -0.049553
v 0.663881 0.716233 -0.050905
v 0.610612 0.717135 -0.052258
v 0.610612 0.717135 0.048465
v 0.663881 0.716233 0.047113
v 0.717150 0.715331 0.045761
v 0.770419 0.714430 0.044408
v 0.823688 0.713528 0.043056
v 0.823790 0.729313 0.032508
v 0.770524 0.730689 0.033544
v 0.717257 0.732066 0.034579
v 0.663992 0.733443 0.035614
v 0.610725 0.734819 0.036649
v 0.823281 0.649958 0.016723
v 0.769999 0.648947 0.017284
v 0.716718 0.647936 0.017844
v 0.663437 0.646925 0.018404
v 0.610155 0.645914 0.018964
v 0.610478 0.696275 -0.056407
v 0.663751 0.695933 -0.054943
v 0.717024 0.695592 -0.053479
v 0.770296 0.695250 -0.052016
v 0.823569 0.694909 -0.050552
v 0.610801 0.746635 0.018964
v 0.664065 0.744942 0.018404
v 0.717329 0.743247 0.017844
v 0.770593 0.741554 0.017284
v 0.823857 0.739860 0.016723
v 0.610231 0.657731 0.036649
v 0.663511 0.658424 0.035614
v 0.716790 0.659118 0.034579
v 0.770069 0.659811 0.033544
v 0.823348 0.660505 0.032508
vt 0.181819 0.000000
vt 0.204546 0.039365
vt 0.159092 0.039365
vt 0.272728 0.157461
vt 0.295455 0.118096
vt 0.318182 0.157461
vt 0.909091 0.000000
vt 0.931818 0.039365
vt 0.886364 0.039365
vt 0.727273 0.000000
vt 0.750000 0.039365
vt 0.704546 0.039365
vt 0.545455 0.000000
vt 0.568182 0.039365
vt 0.522728 0.039365
vt 0.295455 0.196826
vt 0.090910 0.157461
vt 0.136364 0.157461
vt 0.113637 0.196826
vt 0.818182 0.157461
vt 0.863636 0.157461
vt 0.840909 0.196826
vt 0.636364 0.157461
vt 0.681818 0.157461
vt 0.659091 0.196826
vt 0.454546 0.157461
vt 0.500000 0.157461
vt 0.477273 0.196826
vt 0.250001 0.196826
vt 0.068182 0.196826
vt 0.795455 0.196826
vt 0.613637 0.196826
vt 0.431819 0.196826
vt 0.181819 0.314921
vt 0.227273 0.314921
vt 0.204546 0.354286
vt 0.000000 0.314921
vt 0.045455 0.314921
vt 0.022727 0.354286
vt 0.727273 0.314921
vt 0.772727 0.314921
vt 0.750000 0.354286
vt 0.545455 0.314921
vt 0.590909 0.314921
vt 0.568182 0.354286
vt 0.363637 0.314921
vt 0.409091 0.314921
vt 0.386364 0.354286
vt 0.431819 0.433017
vt 0.477273 0.433017
vt 0.454546 0.472382
vt 0.409091 0.393651
vt 0.454546 0.393651
vt 0.431819 0.354286
vt 0.500000 0.393651
vt 0.477273 0.354286
vt 0.522728 0.354286
vt 0.454546 0.314921
vt 0.500000 0.314921
vt 0.613637 0.433017
vt 0.659091 0.433017
vt 0.636364 0.472382
vt 0.590909 0.393651
vt 0.636364 0.393651
vt 0.613637 0.354286
vt 0.681818 0.393651
vt 0.659091 0.354286
vt 0.704546 0.354286
vt 0.636364 0.314921
vt 0.681818 0.314921
vt 0.795455 0.433017
vt 0.840909 0.433017
vt 0.818182 0.472382
vt 0.772727 0.393651
vt 0.818182 0.393651
vt 0.795455 0.354286
vt 0.863636 0.393651
vt 0.840909 0.354286
vt 0.886364 0.354286
vt 0.818182 0.314921
vt 0.863636 0.314921
vt 0.909091 0.314921
vt 0.068182 0.433017
vt 0.113637 0.433017
vt 0.090910 0.472382
vt 0.045455 0.393651
vt 0.090910 0.393651
vt 0.068182 0.354286
vt 0.136365 0.393651
vt 0.113637 0.354286
vt 0.159092 0.354286
vt 0.090909 0.314921
vt 0.136364 0.314921
vt 0.250001 0.433017
vt 0.295455 0.433017
vt 0.272728 0.472382
vt 0.227273 0.393651
vt 0.272728 0.393651
vt 0.250001 0.354286
vt 0.318182 0.393651
vt 0.295455 0.354286
vt 0.340910 0.354286
vt 0.272728 0.314921
vt 0.318182 0.314921
vt 0.386364 0.275556
vt 0.409091 0.236191
vt 0.431819 0.275556
vt 0.454546 0.236191
vt 0.477273 0.275556
vt 0.500000 0.236191
vt 0.522728 0.275556
vt 0.568182 0.275556
vt 0.590909 0.236191
vt 0.613637 0.275556
vt 0.636364 0.236191
vt 0.659091 0.275556
vt 0.681818 0.236191
vt 0.704546 0.275556
vt 0.750000 0.275556
vt 0.772727 0.236191
vt 0.795455 0.275556
vt 0.818182 0.236191
vt 0.840909 0.275556
vt 0.863636 0.236191
vt 0.886364 0.275556
vt 0.022727 0.275556
vt 0.045455 0.236191
vt 0.068182 0.275556
vt 0.090910 0.236191
vt 0.113637 0.275556
vt 0.136364 0.236191
vt 0.159092 0.275556
vt 0.204546 0.275556
vt 0.227273 0.236191
vt 0.250001 0.275556
vt 0.272728 0.236191
vt 0.295455 0.275556
vt 0.318182 0.236191
vt 0.340910 0.275556
vt 0.545455 0.236191
vt 0.522728 0.196826
vt 0.568182 0.196826
vt 0.545455 0.157461
vt 0.590909 0.157461
vt 0.727273 0.236191
vt 0.704546 0.196826
vt 0.750000 0.196826
vt 0.727273 0.157461
vt 0.772727 0.157461
vt 0.931818 0.275556
vt 0.909091 0.236191
vt 0.886364 0.196826
vt 0.954545 0.236191
vt 0.931818 0.196826
vt 0.977273 0.196826
vt 0.909091 0.157461
vt 0.954545 0.157461
vt 1.000000 0.157461
vt 0.181819 0.236191
vt 0.159092 0.196826
vt 0.204546 0.196826
vt 0.181819 0.157461
vt 0.227274 0.157461
vt 0.363637 0.236191
vt 0.340910 0.196826
vt 0.386364 0.196826
vt 0.363637 0.157461
vt 0.409092 0.157461
vt 0.477273 0.118096
vt 0.500000 0.078731
vt 0.522728 0.118096
vt 0.545455 0.078731
vt 0.568182 0.118096
vt 0.590909 0.078731
vt 0.613637 0.118096
vt 0.659091 0.118096
vt 0.681818 0.078731
vt 0.704546 0.118096
vt 0.727273 0.078731
vt 0.750000 0.118096
vt 0.772727 0.078731
vt 0.795455 0.118096
vt 0.840909 0.118096
vt 0.863636 0.078731
vt 0.886364 0.118096
vt 0.909091 0.078731
vt 0.931818 0.118096
vt 0.954545 0.078731
vt 0.977273 0.118096
vt 0.431819 0.118096
vt 0.386364 0.118096
vt 0.340910 0.118096
vt 0.409091 0.078731
vt 0.363637 0.078730
vt 0.386364 0.039365
vt 0.318182 0.078731
vt 0.340910 0.039365
vt 0.363637 0.000000
vt 0.113637 0.118096
vt 0.136365 0.078731
vt 0.159092 0.118096
vt 0.181819 0.078731
vt 0.204546 0.118096
vt 0.227273 0.078731
vt 0.250001 0.118096
vt 0.625000 0.779809
vt 0.375000 0.959687
vt 0.375000 0.790313
vt 0.625000 0.470191
vt 0.625000 0.281903
vt 0.625000 0.468097
vt 0.625000 0.520475
vt 0.625000 0.727493
vt 0.625000 0.729129
vt 0.625000 0.229525
vt 0.625000 0.022507
vt 0.625000 0.227966
vt 0.625000 0.020871
vt 0.375000 0.222362
vt 0.375000 0.028154
vt 0.625000 0.970191
vt 0.625000 0.781903
vt 0.625000 0.968097
vt 0.625000 0.522034
vt 0.625000 0.721039
vt 0.625000 0.279809
vt 0.375000 0.459687
vt 0.375000 0.290313
vt 0.375000 0.527638
vt 0.375000 0.721846
vt 0.625000 0.028961
vt 0.625000 0.221796
vt 0.689222 0.750000
vt 0.643810 0.736390
vt 0.625000 0.703533
vt 0.625000 0.046467
vt 0.625000 0.205253
vt 0.625000 0.959552
vt 0.625000 0.459552
vt 0.625000 0.790448
vt 0.625000 0.935778
vt 0.625000 0.290448
vt 0.625000 0.452147
vt 0.625000 0.528204
vt 0.375000 1.000000
vt 0.375000 0.000000
vt 0.375000 0.250000
vt 0.624579 0.250000
vt 0.375000 0.500000
vt 0.624579 0.500000
vt 0.375000 0.750000
vt 0.624574 0.750000
vt 0.625000 1.000000
vt 0.625000 1.000000
vt 0.625000 0.000000
vt 0.625000 0.000000
vt 0.625000 0.250000
vt 0.625000 0.750000
vt 0.625000 0.500000
vt 0.625000 0.250000
vt 0.625000 0.500000
vt 0.625000 0.750000
vt 0.625000 1.000000
vt 0.625000 0.000000
vt 0.625000 0.544747
vt 0.866537 0.500000
vt 0.875000 0.544747
vt 0.625000 0.491537
vt 0.625000 0.297853
vt 0.625000 0.258463
vt 0.625000 0.500000
vt 0.625000 0.750000
vt 0.625000 0.814222
vt 0.625000 1.000000
vt 0.625000 0.000000
vt 0.625000 0.250000
vt 0.375000 0.250000
vt 0.375000 0.222362
vt 0.375000 0.500000
vt 0.375000 0.527638
vt 0.375000 0.500000
vt 0.375000 0.459687
vt 0.375000 0.790313
vt 0.375000 0.750000
vt 0.375000 0.721846
vt 0.375000 0.028154
vt 0.375000 1.000000
vt 0.375000 0.959687
vt 0.375000 0.290313
vt 0.375000 0.000000
vt 0.375000 0.527638
vt 0.165313 0.750000
vt 0.136807 0.741754
vt 0.125000 0.721846
vt 0.375000 0.959687
vt 0.375000 0.790313
vt 0.375000 0.028154
vt 0.375000 0.000000
vt 0.375000 0.157626
vt 0.375000 0.092890
vt 0.375000 0.459687
vt 0.375000 0.290313
vt 0.375000 0.250000
vt 0.375000 0.750000
vt 0.375000 0.222362
vt 0.375000 0.657110
vt 0.375000 0.592374
vt 0.375000 0.721846
vt 0.125000 0.592374
vt 0.334687 0.500000
vt 0.125000 0.657110
vt 1.000000 1.000000
vt 0.937500 0.916667
vt 1.000000 0.916667
vt 0.937500 1.000000
vt 0.875000 0.916667
vt 0.875000 1.000000
vt 0.812500 0.916667
vt 0.812500 1.000000
vt 0.750000 0.916667
vt 0.750000 1.000000
vt 0.687500 0.916667
vt 0.687500 1.000000
vt 0.625000 0.916667
vt 0.625000 1.000000
vt 0.562500 0.916667
vt 0.562500 1.000000
vt 0.500000 0.916667
vt 0.437500 1.000000
vt 0.437500 0.916667
vt 0.375000 1.000000
vt 0.375000 0.916667
vt 0.312500 1.000000
vt 0.312500 0.916667
vt 0.250000 1.000000
vt 0.250000 0.916667
vt 0.187500 1.000000
vt 0.187500 0.916667
vt 0.125000 1.000000
vt 0.125000 0.916667
vt 0.490000 0.250000
vt 0.471731 0.341844
vt 0.010000 0.250000
vt 0.062500 1.000000
vt 0.062500 0.916667
vt 0.000000 1.000000
vt 0.000000 0.916667
vt 0.875000 0.500000
vt 0.812500 0.500000
vt 0.875000 0.500000
vt 0.580294 0.419706
vt 0.658156 0.471731
vt 0.971731 0.341844
vt 0.562500 0.500000
vt 0.500000 0.500000
vt 0.562500 0.500000
vt 1.000000 0.500000
vt 0.937500 0.500000
vt 1.000000 0.500000
vt 0.187500 0.500000
vt 0.250000 0.500000
vt 0.250000 0.500000
vt 0.687500 0.500000
vt 0.625000 0.500000
vt 0.687500 0.500000
vt 0.312500 0.500000
vt 0.375000 0.500000
vt 0.375000 0.500000
vt 0.000000 0.500000
vt 0.062500 0.500000
vt 0.062500 0.500000
vt 0.812500 0.500000
vt 0.750000 0.500000
vt 0.437500 0.500000
vt 0.500000 0.500000
vt 0.125000 0.500000
vt 0.187500 0.500000
vt 0.937500 0.500000
vt 0.625000 0.500000
vt 0.312500 0.500000
vt 0.750000 0.500000
vt 0.437500 0.500000
vt 0.125000 0.500000
vt 0.062500 0.500000
vt 0.125000 0.500000
vt 0.125000 0.500000
vt 0.062500 0.500000
vt 0.125000 0.500000
vt 0.062500 0.500000
vt 0.125000 0.500000
vt 0.062500 0.500000
vt 0.125000 0.500000
vt 0.062500 0.500000
vt 0.375000 0.500000
vt 0.437500 0.500000
vt 0.437500 0.500000
vt 0.375000 0.500000
vt 0.437500 0.500000
vt 0.375000 0.500000
vt 0.437500 0.500000
vt 0.375000 0.500000
vt 0.437500 0.500000
vt 0.375000 0.500000
vt 0.750000 0.500000
vt 0.687500 0.500000
vt 0.750000 0.500000
vt 0.687500 0.500000
vt 0.750000 0.500000
vt 0.687500 0.500000
vt 0.750000 0.500000
vt 0.687500 0.500000
vt 0.750000 0.500000
vt 0.250000 0.500000
vt 0.312500 0.500000
vt 0.312500 0.500000
vt 0.250000 0.500000
vt 0.312500 0.500000
vt 0.250000 0.500000
vt 0.312500 0.500000
vt 0.250000 0.500000
vt 0.312500 0.500000
vt 0.250000 0.500000
vt 0.625000 0.500000
vt 0.562500 0.500000
vt 0.625000 0.500000
vt 0.562500 0.500000
vt 0.625000 0.500000
vt 0.562500 0.500000
vt 0.625000 0.500000
vt 0.562500 0.500000
vt 0.625000 0.500000
vt 0.937500 0.500000
vt 0.875000 0.500000
vt 0.937500 0.500000
vt 0.875000 0.500000
vt 0.937500 0.500000
vt 0.875000 0.500000
vt 0.937500 0.500000
vt 0.875000 0.500000
vt 0.937500 0.500000
vt 0.187500 0.500000
vt 0.187500 0.500000
vt 0.187500 0.500000
vt 0.187500 0.500000
vt 0.187500 0.500000
vt 0.500000 0.500000
vt 0.500000 0.500000
vt 0.500000 0.500000
vt 0.500000 0.500000
vt 0.500000 0.500000
vt 0.812500 0.500000
vt 0.812500 0.500000
vt 0.812500 0.500000
vt 0.812500 0.500000
vt 0.812500 0.500000
vt 0.000000 0.500000
vt 0.000000 0.500000
vt 0.000000 0.500000
vt 0.000000 0.500000
vt 0.000000 0.500000
vt 0.687500 0.500000
vt 1.000000 0.500000
vt 1.000000 0.500000
vt 1.000000 0.500000
vt 1.000000 0.500000
vt 1.000000 0.500000
vt 0.562500 0.500000
vt 0.875000 0.500000
vt 0.000000 0.583333
vt 0.062500 0.583333
vt 0.000000 0.666667
vt 0.062500 0.666667
vt 0.000000 0.750000
vt 0.062500 0.750000
vt 0.000000 0.833333
vt 0.062500 0.833333
vt 0.125000 0.583333
vt 0.125000 0.666667
vt 0.125000 0.750000
vt 0.125000 0.833333
vt 0.187500 0.583333
vt 0.187500 0.666667
vt 0.187500 0.750000
vt 0.187500 0.833333
vt 0.250000 0.583333
vt 0.250000 0.666667
vt 0.250000 0.750000
vt 0.250000 0.833333
vt 0.312500 0.583333
vt 0.312500 0.666667
vt 0.312500 0.750000
vt 0.312500 0.833333
vt 0.375000 0.583333
vt 0.375000 0.666667
vt 0.375000 0.750000
vt 0.375000 0.833333
vt 0.437500 0.583333
vt 0.437500 0.666667
vt 0.437500 0.750000
vt 0.437500 0.833333
vt 0.500000 0.583333
vt 0.500000 0.666667
vt 0.500000 0.750000
vt 0.500000 0.833333
vt 0.562500 0.583333
vt 0.562500 0.666667
vt 0.562500 0.750000
vt 0.562500 0.833333
vt 0.625000 0.583333
vt 0.625000 0.666667
vt 0.625000 0.750000
vt 0.625000 0.833333
vt 0.687500 0.583333
vt 0.687500 0.666667
vt 0.687500 0.750000
vt 0.687500 0.833333
vt 0.750000 0.583333
vt 0.750000 0.666667
vt 0.750000 0.750000
vt 0.750000 0.833333
vt 0.812500 0.583333
vt 0.812500 0.666667
vt 0.812500 0.750000
vt 0.812500 0.833333
vt 0.875000 0.583333
vt 0.875000 0.666667
vt 0.875000 0.750000
vt 0.875000 0.833333
vt 0.937500 0.583333
vt 0.937500 0.666667
vt 0.937500 0.750000
vt 0.937500 0.833333
vt 1.000000 0.583333
vt 1.000000 0.666667
vt 1.000000 0.750000
vt 1.000000 0.833333
vt 1.000000 1.000000
vt 0.937500 0.916667
vt 1.000000 0.916667
vt 0.875000 1.000000
vt 0.875000 0.916667
vt 0.812500 1.000000
vt 0.812500 0.916667
vt 0.750000 0.916667
vt 0.750000 1.000000
vt 0.687500 0.916667
vt 0.625000 1.000000
vt 0.625000 0.916667
vt 0.562500 0.916667
vt 0.500000 1.000000
vt 0.500000 0.916667
vt 0.437500 0.916667
vt 0.375000 1.000000
vt 0.375000 0.916667
vt 0.312500 0.916667
vt 0.250000 1.000000
vt 0.250000 0.916667
vt 0.187500 0.916667
vt 0.187500 1.000000
vt 0.125000 0.916667
vt 0.080294 0.080294
vt 0.419706 0.080294
vt 0.419706 0.419706
vt 0.125000 1.000000
vt 0.062500 0.916667
vt 0.000000 1.000000
vt 0.000000 0.916667
vt 0.875000 0.500000
vt 0.812500 0.500000
vt 0.875000 0.500000
vt 0.658156 0.471731
vt 0.971731 0.341844
vt 0.841844 0.028269
vt 0.500000 0.500000
vt 0.562500 0.500000
vt 0.562500 0.500000
vt 0.937500 0.500000
vt 1.000000 0.500000
vt 1.000000 0.500000
vt 0.250000 0.500000
vt 0.187500 0.500000
vt 0.250000 0.500000
vt 0.687500 0.500000
vt 0.625000 0.500000
vt 0.687500 0.500000
vt 0.375000 0.500000
vt 0.312500 0.500000
vt 0.375000 0.500000
vt 0.062500 0.500000
vt 0.000000 0.500000
vt 0.062500 0.500000
vt 0.750000 0.500000
vt 0.812500 0.500000
vt 0.437500 0.500000
vt 0.500000 0.500000
vt 0.187500 0.500000
vt 0.125000 0.500000
vt 0.937500 0.500000
vt 0.625000 0.500000
vt 0.312500 0.500000
vt 0.750000 0.500000
vt 0.437500 0.500000
vt 0.125000 0.500000
vt 0.062500 0.500000
vt 0.125000 0.500000
vt 0.125000 0.500000
vt 0.062500 0.500000
vt 0.125000 0.500000
vt 0.062500 0.500000
vt 0.125000 0.500000
vt 0.062500 0.500000
vt 0.125000 0.500000
vt 0.375000 0.500000
vt 0.437500 0.500000
vt 0.437500 0.500000
vt 0.375000 0.500000
vt 0.437500 0.500000
vt 0.375000 0.500000
vt 0.437500 0.500000
vt 0.437500 0.500000
vt 0.375000 0.500000
vt 0.750000 0.500000
vt 0.687500 0.500000
vt 0.750000 0.500000
vt 0.750000 0.500000
vt 0.687500 0.500000
vt 0.750000 0.500000
vt 0.687500 0.500000
vt 0.750000 0.500000
vt 0.687500 0.500000
vt 0.312500 0.500000
vt 0.250000 0.500000
vt 0.312500 0.500000
vt 0.250000 0.500000
vt 0.312500 0.500000
vt 0.312500 0.500000
vt 0.250000 0.500000
vt 0.312500 0.500000
vt 0.562500 0.500000
vt 0.625000 0.500000
vt 0.625000 0.500000
vt 0.562500 0.500000
vt 0.625000 0.500000
vt 0.562500 0.500000
vt 0.625000 0.500000
vt 0.562500 0.500000
vt 0.625000 0.500000
vt 0.562500 0.500000
vt 0.937500 0.500000
vt 0.875000 0.500000
vt 0.937500 0.500000
vt 0.937500 0.500000
vt 0.875000 0.500000
vt 0.937500 0.500000
vt 0.875000 0.500000
vt 0.937500 0.500000
vt 0.187500 0.500000
vt 0.187500 0.500000
vt 0.187500 0.500000
vt 0.187500 0.500000
vt 0.187500 0.500000
vt 0.500000 0.500000
vt 0.500000 0.500000
vt 0.500000 0.500000
vt 0.500000 0.500000
vt 0.500000 0.500000
vt 0.812500 0.500000
vt 0.812500 0.500000
vt 0.812500 0.500000
vt 0.812500 0.500000
vt 0.812500 0.500000
vt 0.000000 0.500000
vt 0.062500 0.500000
vt 0.000000 0.500000
vt 0.000000 0.500000
vt 0.000000 0.500000
vt 0.375000 0.500000
vt 0.687500 0.500000
vt 0.250000 0.500000
vt 0.250000 0.500000
vt 1.000000 0.500000
vt 1.000000 0.500000
vt 1.000000 0.500000
vt 1.000000 0.500000
vt 1.000000 0.500000
vt 0.875000 0.500000
vt 0.875000 0.500000
vt 0.000000 0.583333
vt 0.062500 0.583333
vt 0.000000 0.666667
vt 0.062500 0.750000
vt 0.062500 0.666667
vt 0.062500 0.833333
vt 0.000000 0.750000
vt 0.000000 0.833333
vt 0.125000 0.583333
vt 0.125000 0.666667
vt 0.125000 0.750000
vt 0.125000 0.833333
vt 0.187500 0.583333
vt 0.187500 0.666667
vt 0.187500 0.833333
vt 0.187500 0.750000
vt 0.250000 0.583333
vt 0.250000 0.666667
vt 0.250000 0.750000
vt 0.250000 0.833333
vt 0.312500 0.583333
vt 0.312500 0.666667
vt 0.312500 0.750000
vt 0.312500 0.833333
vt 0.375000 0.583333
vt 0.375000 0.666667
vt 0.375000 0.750000
vt 0.375000 0.833333
vt 0.437500 0.666667
vt 0.437500 0.583333
vt 0.437500 0.750000
vt 0.437500 0.833333
vt 0.500000 0.666667
vt 0.500000 0.583333
vt 0.500000 0.750000
vt 0.500000 0.833333
vt 0.562500 0.666667
vt 0.562500 0.583333
vt 0.562500 0.750000
vt 0.562500 0.833333
vt 0.625000 0.583333
vt 0.625000 0.666667
vt 0.625000 0.750000
vt 0.625000 0.833333
vt 0.687500 0.583333
vt 0.687500 0.666667
vt 0.687500 0.750000
vt 0.687500 0.833333
vt 0.750000 0.583333
vt 0.750000 0.666667
vt 0.750000 0.750000
vt 0.750000 0.833333
vt 0.812500 0.583333
vt 0.812500 0.666667
vt 0.812500 0.833333
vt 0.812500 0.750000
vt 0.875000 0.583333
vt 0.875000 0.750000
vt 0.875000 0.666667
vt 0.875000 0.833333
vt 0.937500 0.666667
vt 0.937500 0.583333
vt 0.937500 0.750000
vt 0.937500 0.833333
vt 1.000000 0.583333
vt 1.000000 0.666667
vt 1.000000 0.833333
vt 1.000000 0.750000
vt 1.000000 1.000000
vt 0.937500 0.916667
vt 1.000000 0.916667
vt 0.937500 1.000000
vt 0.875000 0.916667
vt 0.875000 1.000000
vt 0.812500 0.916667
vt 0.812500 1.000000
vt 0.750000 0.916667
vt 0.750000 1.000000
vt 0.687500 0.916667
vt 0.687500 1.000000
vt 0.625000 0.916667
vt 0.625000 1.000000
vt 0.562500 0.916667
vt 0.562500 1.000000
vt 0.500000 0.916667
vt 0.437500 1.000000
vt 0.437500 0.916667
vt 0.375000 1.000000
vt 0.375000 0.916667
vt 0.312500 1.000000
vt 0.312500 0.916667
vt 0.250000 1.000000
vt 0.250000 0.916667
vt 0.187500 1.000000
vt 0.187500 0.916667
vt 0.125000 1.000000
vt 0.125000 0.916667
vt 0.490000 0.250000
vt 0.471731 0.341844
vt 0.010000 0.250000
vt 0.062500 1.000000
vt 0.062500 0.916667
vt 0.000000 1.000000
vt 0.000000 0.916667
vt 0.875000 0.500000
vt 0.812500 0.500000
vt 0.875000 0.500000
vt 0.580294 0.419706
vt 0.658156 0.471731
vt 0.971731 0.341844
vt 0.562500 0.500000
vt 0.500000 0.500000
vt 0.562500 0.500000
vt 1.000000 0.500000
vt 0.937500 0.500000
vt 1.000000 0.500000
vt 0.187500 0.500000
vt 0.250000 0.500000
vt 0.250000 0.500000
vt 0.687500 0.500000
vt 0.625000 0.500000
vt 0.687500 0.500000
vt 0.312500 0.500000
vt 0.375000 0.500000
vt 0.375000 0.500000
vt 0.000000 0.500000
vt 0.062500 0.500000
vt 0.062500 0.500000
vt 0.812500 0.500000
vt 0.750000 0.500000
vt 0.437500 0.500000
vt 0.500000 0.500000
vt 0.125000 0.500000
vt 0.187500 0.500000
vt 0.937500 0.500000
vt 0.625000 0.500000
vt 0.312500 0.500000
vt 0.750000 0.500000
vt 0.437500 0.500000
vt 0.125000 0.500000
vt 0.062500 0.500000
vt 0.125000 0.500000
vt 0.125000 0.500000
vt 0.062500 0.500000
vt 0.125000 0.500000
vt 0.062500 0.500000
vt 0.125000 0.500000
vt 0.062500 0.500000
vt 0.125000 0.500000
vt 0.062500 0.500000
vt 0.375000 0.500000
vt 0.437500 0.500000
vt 0.437500 0.500000
vt 0.375000 0.500000
vt 0.437500 0.500000
vt 0.375000 0.500000
vt 0.437500 0.500000
vt 0.375000 0.500000
vt 0.437500 0.500000
vt 0.375000 0.500000
vt 0.750000 0.500000
vt 0.687500 0.500000
vt 0.750000 0.500000
vt 0.687500 0.500000
vt 0.750000 0.500000
vt 0.687500 0.500000
vt 0.750000 0.500000
vt 0.687500 0.500000
vt 0.750000 0.500000
vt 0.250000 0.500000
vt 0.312500 0.500000
vt 0.312500 0.500000
vt 0.250000 0.500000
vt 0.312500 0.500000
vt 0.250000 0.500000
vt 0.312500 0.500000
vt 0.250000 0.500000
vt 0.312500 0.500000
vt 0.250000 0.500000
vt 0.625000 0.500000
vt 0.562500 0.500000
vt 0.625000 0.500000
vt 0.562500 0.500000
vt 0.625000 0.500000
vt 0.562500 0.500000
vt 0.625000 0.500000
vt 0.562500 0.500000
vt 0.625000 0.500000
vt 0.937500 0.500000
vt 0.875000 0.500000
vt 0.937500 0.500000
vt 0.875000 0.500000
vt 0.937500 0.500000
vt 0.875000 0.500000
vt 0.937500 0.500000
vt 0.875000 0.500000
vt 0.937500 0.500000
vt 0.187500 0.500000
vt 0.187500 0.500000
vt 0.187500 0.500000
vt 0.187500 0.500000
vt 0.187500 0.500000
vt 0.500000 0.500000
vt 0.500000 0.500000
vt 0.500000 0.500000
vt 0.500000 0.500000
vt 0.500000 0.500000
vt 0.812500 0.500000
vt 0.812500 0.500000
vt 0.812500 0.500000
vt 0.812500 0.500000
vt 0.812500 0.500000
vt 0.000000 0.500000
vt 0.000000 0.500000
vt 0.000000 0.500000
vt 0.000000 0.500000
vt 0.000000 0.500000
vt 0.687500 0.500000
vt 1.000000 0.500000
vt 1.000000 0.500000
vt 1.000000 0.500000
vt 1.000000 0.500000
vt 1.000000 0.500000
vt 0.562500 0.500000
vt 0.875000 0.500000
vt 0.000000 0.583333
vt 0.062500 0.583333
vt 0.000000 0.666667
vt 0.062500 0.666667
vt 0.000000 0.750000
vt 0.062500 0.750000
vt 0.000000 0.833333
vt 0.062500 0.833333
vt 0.125000 0.583333
vt 0.125000 0.666667
vt 0.125000 0.750000
vt 0.125000 0.833333
vt 0.187500 0.583333
vt 0.187500 0.666667
vt 0.187500 0.750000
vt 0.187500 0.833333
vt 0.250000 0.583333
vt 0.250000 0.666667
vt 0.250000 0.750000
vt 0.250000 0.833333
vt 0.312500 0.583333
vt 0.312500 0.666667
vt 0.312500 0.750000
vt 0.312500 0.833333
vt 0.375000 0.583333
vt 0.375000 0.666667
vt 0.375000 0.750000
vt 0.375000 0.833333
vt 0.437500 0.583333
vt 0.437500 0.666667
vt 0.437500 0.750000
vt 0.437500 0.833333
vt 0.500000 0.583333
vt 0.500000 0.666667
vt 0.500000 0.750000
vt 0.500000 0.833333
vt 0.562500 0.583333
vt 0.562500 0.666667
vt 0.562500 0.750000
vt 0.562500 0.833333
vt 0.625000 0.583333
vt 0.625000 0.666667
vt 0.625000 0.750000
vt 0.625000 0.833333
vt 0.687500 0.583333
vt 0.687500 0.666667
vt 0.687500 0.750000
vt 0.687500 0.833333
vt 0.750000 0.583333
vt 0.750000 0.666667
vt 0.750000 0.750000
vt 0.750000 0.833333
vt 0.812500 0.583333
vt 0.812500 0.666667
vt 0.812500 0.750000
vt 0.812500 0.833333
vt 0.875000 0.583333
vt 0.875000 0.666667
vt 0.875000 0.750000
vt 0.875000 0.833333
vt 0.937500 0.583333
vt 0.937500 0.666667
vt 0.937500 0.750000
vt 0.937500 0.833333
vt 1.000000 0.583333
vt 1.000000 0.666667
vt 1.000000 0.750000
vt 1.000000 0.833333
vt 1.000000 1.000000
vt 0.937500 0.916667
vt 1.000000 0.916667
vt 0.937500 1.000000
vt 0.875000 0.916667
vt 0.812500 1.000000
vt 0.812500 0.916667
vt 0.750000 1.000000
vt 0.750000 0.916667
vt 0.687500 0.916667
vt 0.625000 1.000000
vt 0.625000 0.916667
vt 0.562500 0.916667
vt 0.500000 1.000000
vt 0.500000 0.916667
vt 0.437500 0.916667
vt 0.375000 1.000000
vt 0.375000 0.916667
vt 0.312500 0.916667
vt 0.250000 1.000000
vt 0.250000 0.916667
vt 0.187500 1.000000
vt 0.187500 0.916667
vt 0.125000 0.916667
vt 0.080294 0.080294
vt 0.419706 0.080294
vt 0.419706 0.419706
vt 0.125000 1.000000
vt 0.062500 0.916667
vt 0.000000 1.000000
vt 0.000000 0.916667
vt 0.875000 0.500000
vt 0.812500 0.500000
vt 0.875000 0.500000
vt 0.658156 0.471731
vt 0.971731 0.341844
vt 0.841844 0.028269
vt 0.562500 0.500000
vt 0.500000 0.500000
vt 0.562500 0.500000
vt 0.937500 0.500000
vt 1.000000 0.500000
vt 1.000000 0.500000
vt 0.250000 0.500000
vt 0.187500 0.500000
vt 0.250000 0.500000
vt 0.625000 0.500000
vt 0.687500 0.500000
vt 0.687500 0.500000
vt 0.312500 0.500000
vt 0.375000 0.500000
vt 0.375000 0.500000
vt 0.062500 0.500000
vt 0.000000 0.500000
vt 0.062500 0.500000
vt 0.750000 0.500000
vt 0.812500 0.500000
vt 0.437500 0.500000
vt 0.500000 0.500000
vt 0.125000 0.500000
vt 0.187500 0.500000
vt 0.937500 0.500000
vt 0.625000 0.500000
vt 0.312500 0.500000
vt 0.750000 0.500000
vt 0.437500 0.500000
vt 0.125000 0.500000
vt 0.062500 0.500000
vt 0.125000 0.500000
vt 0.125000 0.500000
vt 0.062500 0.500000
vt 0.125000 0.500000
vt 0.062500 0.500000
vt 0.125000 0.500000
vt 0.062500 0.500000
vt 0.125000 0.500000
vt 0.375000 0.500000
vt 0.437500 0.500000
vt 0.437500 0.500000
vt 0.375000 0.500000
vt 0.437500 0.500000
vt 0.375000 0.500000
vt 0.437500 0.500000
vt 0.375000 0.500000
vt 0.437500 0.500000
vt 0.687500 0.500000
vt 0.750000 0.500000
vt 0.750000 0.500000
vt 0.687500 0.500000
vt 0.750000 0.500000
vt 0.687500 0.500000
vt 0.750000 0.500000
vt 0.687500 0.500000
vt 0.750000 0.500000
vt 0.250000 0.500000
vt 0.312500 0.500000
vt 0.312500 0.500000
vt 0.250000 0.500000
vt 0.312500 0.500000
vt 0.250000 0.500000
vt 0.312500 0.500000
vt 0.250000 0.500000
vt 0.312500 0.500000
vt 0.625000 0.500000
vt 0.562500 0.500000
vt 0.625000 0.500000
vt 0.562500 0.500000
vt 0.625000 0.500000
vt 0.562500 0.500000
vt 0.625000 0.500000
vt 0.625000 0.500000
vt 0.562500 0.500000
vt 0.937500 0.500000
vt 0.875000 0.500000
vt 0.937500 0.500000
vt 0.875000 0.500000
vt 0.937500 0.500000
vt 0.875000 0.500000
vt 0.937500 0.500000
vt 0.875000 0.500000
vt 0.937500 0.500000
vt 0.187500 0.500000
vt 0.187500 0.500000
vt 0.187500 0.500000
vt 0.187500 0.500000
vt 0.187500 0.500000
vt 0.500000 0.500000
vt 0.500000 0.500000
vt 0.500000 0.500000
vt 0.500000 0.500000
vt 0.500000 0.500000
vt 0.812500 0.500000
vt 0.812500 0.500000
vt 0.812500 0.500000
vt 0.812500 0.500000
vt 0.812500 0.500000
vt 0.000000 0.500000
vt 0.062500 0.500000
vt 0.000000 0.500000
vt 0.000000 0.500000
vt 0.000000 0.500000
vt 0.375000 0.500000
vt 0.687500 0.500000
vt 0.250000 0.500000
vt 1.000000 0.500000
vt 1.000000 0.500000
vt 1.000000 0.500000
vt 1.000000 0.500000
vt 1.000000 0.500000
vt 0.562500 0.500000
vt 0.875000 0.500000
vt 0.062500 0.583333
vt 0.000000 0.500000
vt 0.000000 0.666667
vt 0.000000 0.583333
vt 0.062500 0.750000
vt 0.062500 0.666667
vt 0.062500 0.833333
vt 0.000000 0.750000
vt 0.000000 0.833333
vt 0.125000 0.666667
vt 0.125000 0.583333
vt 0.125000 0.833333
vt 0.125000 0.750000
vt 0.187500 0.583333
vt 0.187500 0.666667
vt 0.187500 0.833333
vt 0.187500 0.750000
vt 0.250000 0.583333
vt 0.250000 0.666667
vt 0.250000 0.750000
vt 0.250000 0.833333
vt 0.312500 0.583333
vt 0.312500 0.750000
vt 0.312500 0.666667
vt 0.312500 0.833333
vt 0.375000 0.583333
vt 0.375000 0.666667
vt 0.375000 0.833333
vt 0.375000 0.750000
vt 0.437500 0.583333
vt 0.437500 0.666667
vt 0.437500 0.750000
vt 0.437500 0.833333
vt 0.500000 0.583333
vt 0.500000 0.666667
vt 0.500000 0.750000
vt 0.500000 0.833333
vt 0.562500 0.583333
vt 0.562500 0.750000
vt 0.562500 0.666667
vt 0.562500 0.833333
vt 0.625000 0.583333
vt 0.625000 0.750000
vt 0.625000 0.666667
vt 0.625000 0.833333
vt 0.687500 0.583333
vt 0.687500 0.666667
vt 0.687500 0.750000
vt 0.687500 0.833333
vt 0.750000 0.583333
vt 0.750000 0.666667
vt 0.750000 0.750000
vt 0.750000 0.833333
vt 0.812500 0.583333
vt 0.812500 0.666667
vt 0.812500 0.750000
vt 0.812500 0.833333
vt 0.875000 0.583333
vt 0.875000 0.750000
vt 0.875000 0.666667
vt 0.875000 0.833333
vt 0.937500 0.583333
vt 0.937500 0.666667
vt 0.937500 0.750000
vt 0.937500 0.833333
vt 1.000000 0.583333
vt 1.000000 0.666667
vt 1.000000 0.750000
vt 1.000000 0.833333
vt 0.875000 0.703533
vt 0.856190 0.736390
vt 0.810778 0.750000
vt 0.624148 1.000000
vt 0.624148 0.000000
vt 0.633463 0.500000
vt 0.334687 0.750000
vt 0.363193 0.741754
vt 0.375000 1.000000
vt 0.125000 0.527638
vt 0.165313 0.500000
vt 0.136807 0.508095
vt 0.363193 0.508095
vt 0.500000 1.000000
vt 0.419706 0.419706
vt 0.341844 0.471731
vt 0.080294 0.419706
vt 0.250000 0.490000
vt 0.158156 0.471731
vt 0.028269 0.341844
vt 0.028269 0.158156
vt 0.080294 0.080294
vt 0.471731 0.158156
vt 0.158156 0.028269
vt 0.419706 0.080294
vt 0.250000 0.010000
vt 0.341844 0.028269
vt 0.750000 0.490000
vt 0.841844 0.471731
vt 0.919706 0.419706
vt 0.990000 0.250000
vt 0.510000 0.250000
vt 0.971731 0.158156
vt 0.528269 0.158156
vt 0.919706 0.080294
vt 0.841844 0.028269
vt 0.750000 0.010000
vt 0.658156 0.028269
vt 0.580294 0.080294
vt 0.528269 0.341844
vt 0.000000 0.500000
vt 0.937500 1.000000
vt 0.687500 1.000000
vt 0.562500 1.000000
vt 0.437500 1.000000
vt 0.312500 1.000000
vt 0.341844 0.471731
vt 0.250000 0.490000
vt 0.158156 0.471731
vt 0.080294 0.419706
vt 0.028269 0.341844
vt 0.010000 0.250000
vt 0.028269 0.158156
vt 0.158156 0.028269
vt 0.250000 0.010000
vt 0.341844 0.028269
vt 0.471731 0.158156
vt 0.490000 0.250000
vt 0.471731 0.341844
vt 0.062500 1.000000
vt 0.750000 0.490000
vt 0.841844 0.471731
vt 0.919706 0.419706
vt 0.990000 0.250000
vt 0.971731 0.158156
vt 0.919706 0.080294
vt 0.750000 0.010000
vt 0.658156 0.028269
vt 0.580294 0.080294
vt 0.528269 0.158156
vt 0.510000 0.250000
vt 0.528269 0.341844
vt 0.580294 0.419706
vt 0.000000 0.500000
vt 0.000000 0.500000
vt 0.500000 1.000000
vt 0.419706 0.419706
vt 0.341844 0.471731
vt 0.080294 0.419706
vt 0.250000 0.490000
vt 0.158156 0.471731
vt 0.028269 0.341844
vt 0.028269 0.158156
vt 0.080294 0.080294
vt 0.471731 0.158156
vt 0.158156 0.028269
vt 0.419706 0.080294
vt 0.250000 0.010000
vt 0.341844 0.028269
vt 0.750000 0.490000
vt 0.841844 0.471731
vt 0.919706 0.419706
vt 0.990000 0.250000
vt 0.510000 0.250000
vt 0.971731 0.158156
vt 0.528269 0.158156
vt 0.919706 0.080294
vt 0.841844 0.028269
vt 0.750000 0.010000
vt 0.658156 0.028269
vt 0.580294 0.080294
vt 0.528269 0.341844
vt 0.000000 0.500000
vt 0.875000 1.000000
vt 0.687500 1.000000
vt 0.562500 1.000000
vt 0.437500 1.000000
vt 0.312500 1.000000
vt 0.341844 0.471731
vt 0.250000 0.490000
vt 0.158156 0.471731
vt 0.080294 0.419706
vt 0.028269 0.341844
vt 0.010000 0.250000
vt 0.028269 0.158156
vt 0.158156 0.028269
vt 0.250000 0.010000
vt 0.341844 0.028269
vt 0.471731 0.158156
vt 0.490000 0.250000
vt 0.471731 0.341844
vt 0.062500 1.000000
vt 0.750000 0.490000
vt 0.841844 0.471731
vt 0.919706 0.419706
vt 0.990000 0.250000
vt 0.971731 0.158156
vt 0.919706 0.080294
vt 0.750000 0.010000
vt 0.658156 0.028269
vt 0.580294 0.080294
vt 0.528269 0.158156
vt 0.510000 0.250000
vt 0.528269 0.341844
vt 0.580294 0.419706
vt 0.000000 0.500000
vn 0.0000 -1.0000 -0.0000
vn -0.1533 -0.9654 0.2110
vn -0.2480 -0.9654 -0.0806
vn -0.5689 -0.2513 0.7831
vn -0.4851 -0.5646 0.6677
vn -0.2753 -0.2958 0.9147
vn -0.0000 -0.9654 -0.2608
vn 0.2480 -0.9654 -0.0806
vn 0.1533 -0.9654 0.2110
vn -0.4455 -0.1171 0.8876
vn -0.9205 -0.2513 -0.2991
vn -0.9550 -0.2958 0.0208
vn -0.9818 -0.1171 -0.1495
vn 0.0000 -0.2513 -0.9679
vn -0.3149 -0.2958 -0.9018
vn -0.1612 -0.1171 -0.9799
vn 0.9205 -0.2513 -0.2991
vn 0.7604 -0.2958 -0.5782
vn 0.8822 -0.1171 -0.4562
vn 0.5689 -0.2513 0.7831
vn 0.7849 -0.2958 0.5445
vn 0.7064 -0.1171 0.6980
vn -0.7064 -0.1171 0.6980
vn -0.8822 -0.1171 -0.4562
vn 0.1612 -0.1171 -0.9799
vn 0.9818 -0.1171 -0.1495
vn 0.4455 -0.1171 0.8876
vn -0.8506 0.4472 0.2764
vn -0.7103 0.5038 0.4915
vn -0.7103 0.6650 0.2308
vn -0.5257 0.4472 -0.7236
vn -0.6870 0.5038 -0.5237
vn -0.4390 0.6650 -0.6042
vn 0.5257 0.4472 -0.7236
vn 0.2857 0.5038 -0.8152
vn 0.4390 0.6650 -0.6042
vn 0.8506 0.4472 0.2764
vn 0.8636 0.5038 0.0198
vn 0.7103 0.6650 0.2308
vn 0.0000 0.4472 0.8944
vn 0.2480 0.5038 0.8274
vn -0.0000 0.6650 0.7469
vn 0.0000 0.9654 0.2608
vn 0.2480 0.9654 0.0806
vn -0.0000 1.0000 -0.0000
vn 0.0000 0.8507 0.5257
vn 0.2675 0.8904 0.3682
vn 0.2675 0.7275 0.6317
vn 0.5000 0.8507 0.1625
vn 0.5182 0.7276 0.4496
vn 0.5000 0.5257 0.6882
vn 0.7103 0.5038 0.4915
vn 0.1533 0.9654 -0.2110
vn 0.4328 0.8904 -0.1406
vn 0.6835 0.7276 -0.0592
vn 0.3090 0.8507 -0.4253
vn 0.5878 0.7276 -0.3539
vn 0.8090 0.5257 -0.2629
vn 0.6870 0.5038 -0.5237
vn -0.1533 0.9654 -0.2110
vn -0.0000 0.8904 -0.4551
vn 0.1549 0.7275 -0.6683
vn -0.3090 0.8507 -0.4253
vn -0.1549 0.7276 -0.6683
vn 0.0000 0.5257 -0.8506
vn -0.2857 0.5038 -0.8152
vn -0.2480 0.9654 0.0806
vn -0.4328 0.8904 -0.1406
vn -0.5878 0.7276 -0.3539
vn -0.5000 0.8507 0.1625
vn -0.6835 0.7276 -0.0592
vn -0.8090 0.5257 -0.2629
vn -0.8636 0.5038 0.0198
vn -0.2675 0.8904 0.3682
vn -0.5182 0.7276 0.4496
vn -0.2675 0.7275 0.6317
vn -0.5000 0.5257 0.6882
vn -0.2480 0.5038 0.8274
vn 0.1547 0.2217 0.9628
vn 0.3090 0.0000 0.9511
vn 0.4357 0.2536 0.8636
vn 0.5877 0.0110 0.8090
vn 0.6867 0.2536 0.6813
vn 0.8090 0.0000 0.5878
vn 0.8678 0.2217 0.4446
vn 0.9635 0.2217 0.1504
vn 1.0000 -0.0000 0.0000
vn 0.9560 0.2536 -0.1475
vn 0.9510 0.0110 -0.3090
vn 0.8601 0.2536 -0.4426
vn 0.8090 -0.0000 -0.5878
vn 0.6911 0.2217 -0.6880
vn 0.4407 0.2217 -0.8698
vn 0.3090 -0.0000 -0.9511
vn 0.1551 0.2536 -0.9548
vn -0.0000 0.0110 -0.9999
vn -0.1551 0.2536 -0.9548
vn -0.3090 -0.0000 -0.9511
vn -0.4407 0.2217 -0.8698
vn -0.6911 0.2217 -0.6880
vn -0.8090 0.0000 -0.5878
vn -0.8601 0.2536 -0.4426
vn -0.9510 0.0110 -0.3090
vn -0.9560 0.2536 -0.1475
vn -1.0000 -0.0000 0.0000
vn -0.9635 0.2217 0.1504
vn -0.8678 0.2217 0.4446
vn -0.8090 -0.0000 0.5878
vn -0.6867 0.2536 0.6813
vn -0.5877 0.0110 0.8090
vn -0.4357 0.2536 0.8636
vn -0.3090 -0.0000 0.9511
vn -0.1547 0.2217 0.9628
vn 0.9510 -0.0110 0.3090
vn 0.8828 -0.1378 0.4490
vn 0.9781 -0.1378 0.1557
vn 0.9030 -0.3140 0.2934
vn 0.9550 -0.2958 0.0208
vn 0.5877 -0.0110 -0.8090
vn 0.6998 -0.1378 -0.7009
vn 0.4503 -0.1378 -0.8822
vn 0.5581 -0.3140 -0.7681
vn 0.3149 -0.2958 -0.9018
vn -0.5877 -0.0110 -0.8090
vn -0.4503 -0.1378 -0.8822
vn -0.6998 -0.1378 -0.7009
vn -0.5581 -0.3140 -0.7681
vn -0.7604 -0.2958 -0.5782
vn -0.9510 -0.0110 0.3090
vn -0.9781 -0.1378 0.1557
vn -0.8828 -0.1378 0.4490
vn -0.9030 -0.3140 0.2934
vn -0.7849 -0.2958 0.5445
vn -0.0000 -0.0110 0.9999
vn -0.1542 -0.1378 0.9784
vn 0.1542 -0.1378 0.9784
vn 0.0000 -0.3140 0.9494
vn 0.2753 -0.2958 0.9147
vn 0.4851 -0.5646 0.6677
vn 0.3090 -0.8507 0.4253
vn 0.6630 -0.6468 0.3769
vn 0.4329 -0.8904 0.1406
vn 0.7579 -0.6468 0.0848
vn 0.5000 -0.8507 -0.1625
vn 0.7849 -0.5646 -0.2550
vn 0.5633 -0.6468 -0.5141
vn 0.2675 -0.8904 -0.3682
vn 0.3149 -0.6468 -0.6946
vn -0.0000 -0.8507 -0.5257
vn -0.0000 -0.5646 -0.8253
vn -0.3149 -0.6468 -0.6946
vn -0.2675 -0.8904 -0.3682
vn -0.5633 -0.6468 -0.5141
vn -0.5000 -0.8507 -0.1625
vn -0.7849 -0.5646 -0.2550
vn 0.1535 -0.6468 0.7470
vn -0.1535 -0.6468 0.7470
vn -0.0000 -0.8904 0.4551
vn -0.3090 -0.8507 0.4253
vn -0.7579 -0.6468 0.0848
vn -0.4329 -0.8904 0.1406
vn -0.6630 -0.6468 0.3769
vn -0.9745 0.0516 0.2186
vn -0.9735 -0.1051 -0.2030
vn -0.9735 -0.1051 0.2030
vn 0.9753 0.0515 0.2150
vn 0.8494 0.4953 -0.1820
vn 0.8494 0.4953 0.1820
vn 0.2040 0.0403 0.9781
vn -0.1747 0.4137 0.8935
vn -0.2006 0.0402 0.9788
vn 0.2040 0.0403 -0.9781
vn -0.1747 0.4137 -0.8935
vn 0.1779 0.4145 -0.8925
vn -0.2006 0.0402 -0.9788
vn 0.1798 -0.0772 -0.9807
vn -0.1768 -0.0770 -0.9812
vn -0.9745 0.0516 -0.2186
vn -0.8485 0.4957 0.1854
vn -0.8485 0.4957 -0.1854
vn 0.1779 0.4145 0.8925
vn -0.1039 0.7390 0.6657
vn 0.9753 0.0515 -0.2150
vn 0.9742 -0.1050 0.1997
vn 0.9742 -0.1050 -0.1997
vn 0.1798 -0.0772 0.9807
vn -0.1768 -0.0770 0.9812
vn -0.1039 0.7390 -0.6657
vn 0.1062 0.7397 -0.6644
vn -0.2240 0.9739 0.0362
vn -0.1481 0.9707 0.1890
vn -0.0250 0.9508 0.3088
vn -0.0250 0.9508 -0.3088
vn 0.0470 0.9551 -0.2926
vn -0.5553 0.8243 -0.1105
vn 0.5561 0.8240 0.1080
vn -0.5553 0.8243 0.1105
vn -0.2240 0.9739 -0.0362
vn 0.5561 0.8240 -0.1080
vn 0.3538 0.9337 0.0544
vn 0.1062 0.7397 0.6644
vn -0.9079 -0.1110 -0.4042
vn -0.3581 -0.0925 -0.9291
vn 0.9107 -0.1109 -0.3980
vn 0.9147 0.0539 -0.4005
vn 0.3639 -0.0930 -0.9268
vn 0.3646 0.0417 -0.9302
vn 0.3639 -0.0930 0.9268
vn 0.3646 0.0417 0.9302
vn 0.9107 -0.1109 0.3980
vn 0.9147 0.0539 0.4005
vn -0.9079 -0.1110 0.4042
vn -0.9118 0.0542 0.4069
vn -0.3581 -0.0925 0.9291
vn -0.3585 0.0415 0.9326
vn -0.8780 0.2716 -0.3940
vn -0.9118 0.0542 -0.4069
vn -0.3250 0.4131 -0.8507
vn -0.3585 0.0415 -0.9326
vn 0.8811 0.2712 -0.3873
vn 0.3307 0.4150 -0.8476
vn -0.3250 0.4131 0.8507
vn -0.8780 0.2716 0.3940
vn 0.3307 0.4150 0.8476
vn 0.8811 0.2712 0.3873
vn 0.3769 0.8248 -0.4215
vn 0.6133 0.7423 -0.2700
vn 0.3769 0.8248 0.4215
vn -0.3730 0.8244 0.4257
vn -0.3730 0.8244 -0.4257
vn -0.6104 0.7431 -0.2745
vn 0.0470 0.9551 0.2926
vn 0.2018 0.9624 -0.1818
vn 0.2018 0.9624 0.1818
vn 0.3538 0.9337 -0.0544
vn -0.1481 0.9707 -0.1890
vn 0.3654 0.0235 -0.9306
vn 0.1801 0.0201 -0.9834
vn 0.3654 0.0235 0.9306
vn 0.1471 0.0339 0.9885
vn 0.3639 0.0912 0.9269
vn 0.9160 0.0282 0.4003
vn 0.9790 0.0276 0.2022
vn -0.9783 0.0277 0.2055
vn -0.3595 0.0234 0.9328
vn -0.1771 0.0200 0.9840
vn 0.9160 0.0282 -0.4003
vn -0.9132 0.0282 0.4065
vn -0.1771 0.0200 -0.9840
vn -0.9132 0.0282 -0.4065
vn -0.9783 0.0277 -0.2055
vn 0.9790 0.0276 -0.2022
vn -0.3595 0.0234 -0.9328
vn 0.1801 0.0201 0.9834
vn -0.9716 0.1097 -0.2095
vn -0.9716 0.1097 0.2095
vn -0.1447 0.0337 -0.9889
vn -0.3581 0.0908 -0.9292
vn 0.0000 -0.1140 -0.9935
vn 0.9724 0.1094 0.2062
vn 0.9724 0.1094 -0.2062
vn 0.9106 0.1118 -0.3979
vn -0.9078 0.1119 0.4041
vn 0.1471 0.0339 -0.9885
vn -0.0000 -0.1140 0.9935
vn -0.1447 0.0337 0.9889
vn 0.7201 -0.6938 0.0000
vn 0.9945 -0.1046 0.0000
vn 0.9184 -0.0992 0.3830
vn 0.9180 -0.0992 0.3840
vn 0.7019 -0.0839 0.7073
vn 0.7005 -0.0838 0.7087
vn 0.3782 -0.0611 0.9237
vn 0.3758 -0.0609 0.9247
vn -0.0032 -0.0342 0.9994
vn -0.0060 -0.0340 0.9994
vn -0.3843 -0.0074 0.9232
vn -0.3867 -0.0072 0.9222
vn -0.7075 0.0154 0.7066
vn -0.7089 0.0155 0.7052
vn -0.9235 0.0306 0.3824
vn -0.9239 0.0306 0.3814
vn -0.9994 0.0360 -0.0000
vn -0.9239 0.0306 -0.3814
vn -0.9235 0.0306 -0.3824
vn -0.7089 0.0155 -0.7052
vn -0.7075 0.0154 -0.7066
vn -0.3867 -0.0072 -0.9222
vn -0.3843 -0.0074 -0.9232
vn -0.0060 -0.0340 -0.9994
vn -0.0032 -0.0342 -0.9994
vn 0.3758 -0.0609 -0.9247
vn 0.3782 -0.0611 -0.9237
vn 0.7005 -0.0838 -0.7087
vn 0.7019 -0.0839 -0.7073
vn 0.0928 0.9957 0.0000
vn 0.9180 -0.0992 -0.3840
vn 0.9184 -0.0992 -0.3830
vn 0.7030 -0.0735 0.7074
vn 0.3816 -0.0509 0.9229
vn 0.7044 -0.0736 0.7060
vn -0.0928 -0.9957 0.0000
vn -0.9230 0.0411 0.3826
vn -0.9989 0.0464 0.0000
vn -0.9226 0.0410 0.3836
vn 0.9956 -0.0941 0.0000
vn 0.9199 -0.0888 0.3820
vn 0.3793 -0.0507 -0.9239
vn 0.0006 -0.0240 -0.9997
vn -0.0022 -0.0238 -0.9997
vn -0.3835 0.0031 0.9235
vn -0.7054 0.0257 0.7083
vn -0.3811 0.0029 0.9245
vn -0.3835 0.0031 -0.9235
vn -0.7054 0.0257 -0.7083
vn -0.7068 0.0258 -0.7069
vn 0.9199 -0.0888 -0.3820
vn 0.9195 -0.0888 -0.3830
vn 0.3793 -0.0507 0.9239
vn 0.0006 -0.0240 0.9997
vn -0.9230 0.0411 -0.3826
vn 0.7030 -0.0735 -0.7074
vn 0.3816 -0.0509 -0.9229
vn 0.9195 -0.0888 0.3830
vn -0.7068 0.0258 0.7069
vn -0.3811 0.0029 -0.9245
vn -0.0022 -0.0238 0.9997
vn -0.9226 0.0410 -0.3836
vn 0.7044 -0.0736 -0.7060
vn 0.9190 -0.0940 -0.3830
vn 0.7024 -0.0787 -0.7074
vn -0.7072 0.0206 -0.7067
vn -0.9232 0.0358 -0.3825
vn -0.0027 -0.0290 0.9996
vn -0.0027 -0.0290 -0.9996
vn -0.3839 -0.0022 -0.9234
vn -0.7072 0.0206 0.7067
vn 0.9190 -0.0940 0.3830
vn 0.3787 -0.0559 -0.9238
vn -0.9992 0.0412 0.0000
vn 0.3787 -0.0559 0.9238
vn 0.9951 -0.0993 -0.0000
vn -0.3839 -0.0022 0.9234
vn -0.9232 0.0358 0.3825
vn 0.7024 -0.0787 0.7074
vn -0.0331 -0.9995 -0.0000
vn -0.0336 -0.9234 0.3824
vn -0.0349 -0.7068 0.7066
vn -0.0370 -0.3826 0.9232
vn -0.0395 -0.0003 0.9992
vn -0.0419 0.3821 0.9232
vn -0.0440 0.7063 0.7066
vn -0.0454 0.9229 0.3824
vn -0.0459 0.9989 -0.0000
vn -0.0454 0.9229 -0.3824
vn -0.0440 0.7063 -0.7066
vn -0.0419 0.3821 -0.9232
vn -0.0395 -0.0003 -0.9992
vn -0.0370 -0.3826 -0.9232
vn -0.0349 -0.7068 -0.7066
vn 1.0000 0.0064 0.0000
vn -0.0336 -0.9234 -0.3824
vn -0.0229 -0.7070 0.7068
vn -0.0250 -0.3827 0.9235
vn -1.0000 -0.0064 -0.0000
vn -0.0339 0.9994 0.0000
vn -0.0334 0.9233 0.3825
vn -0.0215 -0.9237 0.3825
vn -0.0211 -0.9998 -0.0000
vn -0.0275 -0.0002 -0.9996
vn -0.0250 -0.3827 -0.9235
vn -0.0299 0.3824 0.9235
vn -0.0320 0.7067 0.7068
vn -0.0320 0.7067 -0.7068
vn -0.0299 0.3824 -0.9235
vn -0.0320 0.7066 -0.7068
vn -0.0215 -0.9237 -0.3825
vn -0.0275 -0.0002 0.9996
vn -0.0334 0.9233 -0.3825
vn -0.0229 -0.7070 -0.7068
vn -0.0320 0.7066 0.7068
vn -0.0276 -0.9236 -0.3825
vn -0.0290 -0.7069 -0.7067
vn -0.0380 0.7065 -0.7067
vn -0.0394 0.9231 -0.3825
vn -0.0335 -0.0002 0.9994
vn -0.0359 0.3822 -0.9234
vn -0.0394 0.9231 0.3825
vn -0.0380 0.7065 0.7067
vn -0.0276 -0.9236 0.3825
vn -0.0310 -0.3827 -0.9234
vn -0.0399 0.9992 0.0000
vn -0.0310 -0.3827 0.9234
vn -0.0271 -0.9996 -0.0000
vn -0.0359 0.3822 0.9234
vn -0.0335 -0.0002 -0.9994
vn -0.0290 -0.7069 0.7067
vn -0.9945 -0.1046 0.0000
vn -0.9184 -0.0992 -0.3830
vn -0.9180 -0.0992 -0.3840
vn -0.7019 -0.0839 -0.7073
vn -0.7005 -0.0838 -0.7087
vn -0.3782 -0.0611 -0.9237
vn -0.3758 -0.0609 -0.9247
vn 0.0032 -0.0342 -0.9994
vn 0.0060 -0.0340 -0.9994
vn 0.3843 -0.0074 -0.9232
vn 0.3867 -0.0072 -0.9222
vn 0.7075 0.0154 -0.7066
vn 0.7089 0.0155 -0.7052
vn 0.9235 0.0306 -0.3824
vn 0.9239 0.0306 -0.3814
vn 0.9994 0.0360 0.0000
vn 0.9239 0.0306 0.3814
vn 0.9235 0.0306 0.3824
vn 0.7089 0.0155 0.7052
vn 0.7075 0.0154 0.7066
vn 0.3867 -0.0072 0.9222
vn 0.3843 -0.0074 0.9232
vn 0.0060 -0.0340 0.9994
vn 0.0032 -0.0342 0.9994
vn -0.3758 -0.0609 0.9247
vn -0.3782 -0.0611 0.9237
vn -0.7005 -0.0838 0.7087
vn -0.7019 -0.0839 0.7073
vn -0.0928 0.9957 0.0000
vn -0.9180 -0.0992 0.3840
vn -0.9184 -0.0992 0.3830
vn -0.7030 -0.0735 -0.7074
vn -0.3816 -0.0509 -0.9229
vn -0.7044 -0.0736 -0.7060
vn 0.0928 -0.9957 0.0000
vn 0.9230 0.0411 -0.3826
vn 0.9989 0.0464 -0.0000
vn 0.9226 0.0410 -0.3836
vn -0.9956 -0.0941 0.0000
vn -0.9199 -0.0888 -0.3820
vn -0.3793 -0.0507 0.9239
vn -0.0006 -0.0240 0.9997
vn 0.0022 -0.0238 0.9997
vn 0.3835 0.0031 -0.9235
vn 0.7054 0.0257 -0.7083
vn 0.3811 0.0029 -0.9245
vn 0.3835 0.0031 0.9235
vn 0.7054 0.0257 0.7083
vn 0.7068 0.0258 0.7069
vn -0.9199 -0.0888 0.3820
vn -0.9195 -0.0888 0.3830
vn -0.3793 -0.0507 -0.9239
vn -0.0006 -0.0240 -0.9997
vn 0.9230 0.0411 0.3826
vn -0.7030 -0.0735 0.7074
vn -0.3816 -0.0509 0.9229
vn -0.9195 -0.0888 -0.3830
vn 0.7068 0.0258 -0.7069
vn 0.3811 0.0029 0.9245
vn 0.0022 -0.0238 -0.9997
vn 0.9226 0.0410 0.3836
vn -0.7044 -0.0736 0.7060
vn -0.9190 -0.0940 0.3830
vn -0.7024 -0.0787 0.7074
vn 0.7072 0.0206 0.7067
vn 0.9232 0.0358 0.3825
vn 0.0027 -0.0290 -0.9996
vn 0.0027 -0.0290 0.9996
vn 0.3839 -0.0022 0.9234
vn 0.7072 0.0206 -0.7067
vn -0.9190 -0.0940 -0.3830
vn -0.3787 -0.0559 0.9238
vn 0.9992 0.0411 0.0000
vn -0.3787 -0.0559 -0.9238
vn -0.9951 -0.0993 0.0000
vn 0.3839 -0.0022 -0.9234
vn 0.9232 0.0358 -0.3825
vn -0.7024 -0.0787 -0.7074
vn 0.0331 -0.9995 -0.0000
vn 0.0336 -0.9234 -0.3824
vn 0.0349 -0.7068 -0.7066
vn 0.0370 -0.3826 -0.9232
vn 0.0395 -0.0003 -0.9992
vn 0.0419 0.3821 -0.9232
vn 0.0440 0.7063 -0.7066
vn 0.0454 0.9229 -0.3824
vn 0.0459 0.9989 0.0000
vn 0.0454 0.9229 0.3824
vn 0.0440 0.7063 0.7066
vn 0.0419 0.3821 0.9232
vn 0.0395 -0.0003 0.9992
vn 0.0370 -0.3826 0.9232
vn 0.0349 -0.7068 0.7066
vn -1.0000 0.0064 -0.0000
vn 0.0336 -0.9234 0.3824
vn 0.0229 -0.7070 -0.7068
vn 0.0250 -0.3827 -0.9235
vn 1.0000 -0.0064 0.0000
vn 0.0334 0.9233 -0.3825
vn 0.0339 0.9994 -0.0000
vn 0.0215 -0.9237 -0.3825
vn 0.0211 -0.9998 -0.0000
vn 0.0275 -0.0002 0.9996
vn 0.0250 -0.3827 0.9235
vn 0.0320 0.7066 -0.7068
vn 0.0299 0.3824 -0.9235
vn 0.0299 0.3824 0.9235
vn 0.0320 0.7066 0.7068
vn 0.0215 -0.9237 0.3825
vn 0.0275 -0.0002 -0.9996
vn 0.0334 0.9233 0.3825
vn 0.0229 -0.7070 0.7068
vn 0.0320 0.7067 -0.7068
vn 0.0276 -0.9236 0.3825
vn 0.0290 -0.7069 0.7067
vn 0.0380 0.7065 0.7067
vn 0.0394 0.9231 0.3825
vn 0.0320 0.7067 0.7068
vn 0.0359 0.3822 -0.9234
vn 0.0335 -0.0002 -0.9994
vn 0.0335 -0.0002 0.9994
vn 0.0359 0.3822 0.9234
vn 0.0380 0.7065 -0.7067
vn 0.0276 -0.9236 -0.3825
vn 0.0310 -0.3827 0.9234
vn 0.0399 0.9992 -0.0000
vn 0.0310 -0.3827 -0.9234
vn 0.0271 -0.9996 0.0000
vn 0.0394 0.9231 -0.3825
vn 0.0290 -0.7069 -0.7067
vn 0.6133 0.7423 0.2700
vn -0.6104 0.7431 0.2745
vn -0.5984 -0.4778 -0.6431
vn -0.7182 -0.6958 0.0000
vn -0.5984 -0.4778 0.6431
vn 0.9106 0.1118 0.3979
vn 0.3639 0.0912 -0.9269
vn -0.9078 0.1119 -0.4041
vn -0.3581 0.0908 0.9292
vn 0.6034 -0.4804 -0.6365
vn 0.6034 -0.4804 0.6365
s 1
f 1/1/1 16/2/2 15/3/3
f 2/4/4 18/5/5 24/6/6
f 1/7/1 15/8/3 30/9/7
f 1/10/1 30/11/7 36/12/8
f 1/13/1 36/14/8 25/15/9
f 2/4/4 24/6/6 45/16/10
f 3/17/11 21/18/12 51/19/13
f 4/20/14 33/21/15 57/22/16
f 5/23/17 39/24/18 63/25/19
f 6/26/20 42/27/21 69/28/22
f 2/4/4 45/16/10 52/29/23
f 3/17/11 51/19/13 58/30/24
f 4/20/14 57/22/16 64/31/25
f 5/23/17 63/25/19 70/32/26
f 6/26/20 69/28/22 46/33/27
f 7/34/28 75/35/29 90/36/30
f 8/37/31 78/38/32 96/39/33
f 9/40/34 81/41/35 99/42/36
f 10/43/37 84/44/38 102/45/39
f 11/46/40 87/47/41 91/48/42
f 93/49/43 100/50/44 12/51/45
f 92/52/46 103/53/47 93/49/43
f 91/48/42 104/54/48 92/52/46
f 93/49/43 103/53/47 100/50/44
f 103/53/47 101/55/49 100/50/44
f 92/52/46 104/54/48 103/53/47
f 104/54/48 105/56/50 103/53/47
f 103/53/47 105/56/50 101/55/49
f 105/56/50 102/57/39 101/55/49
f 91/48/42 87/47/41 104/54/48
f 87/47/41 86/58/51 104/54/48
f 104/54/48 86/58/51 105/56/50
f 86/58/51 85/59/52 105/56/50
f 105/56/50 85/59/52 102/57/39
f 85/59/52 10/43/37 102/57/39
f 100/60/44 97/61/53 12/62/45
f 101/63/49 106/64/54 100/60/44
f 102/45/39 107/65/55 101/63/49
f 100/60/44 106/64/54 97/61/53
f 106/64/54 98/66/56 97/61/53
f 101/63/49 107/65/55 106/64/54
f 107/65/55 108/67/57 106/64/54
f 106/64/54 108/67/57 98/66/56
f 108/67/57 99/68/36 98/66/56
f 102/45/39 84/44/38 107/65/55
f 84/44/38 83/69/58 107/65/55
f 107/65/55 83/69/58 108/67/57
f 83/69/58 82/70/59 108/67/57
f 108/67/57 82/70/59 99/68/36
f 82/70/59 9/40/34 99/68/36
f 97/71/53 94/72/60 12/73/45
f 98/74/56 109/75/61 97/71/53
f 99/42/36 110/76/62 98/74/56
f 97/71/53 109/75/61 94/72/60
f 109/75/61 95/77/63 94/72/60
f 98/74/56 110/76/62 109/75/61
f 110/76/62 111/78/64 109/75/61
f 109/75/61 111/78/64 95/77/63
f 111/78/64 96/79/33 95/77/63
f 99/42/36 81/41/35 110/76/62
f 81/41/35 80/80/65 110/76/62
f 110/76/62 80/80/65 111/78/64
f 80/80/65 79/81/66 111/78/64
f 111/78/64 79/81/66 96/79/33
f 79/81/66 8/82/31 96/79/33
f 94/83/60 88/84/67 12/85/45
f 95/86/63 112/87/68 94/83/60
f 96/39/33 113/88/69 95/86/63
f 94/83/60 112/87/68 88/84/67
f 112/87/68 89/89/70 88/84/67
f 95/86/63 113/88/69 112/87/68
f 113/88/69 114/90/71 112/87/68
f 112/87/68 114/90/71 89/89/70
f 114/90/71 90/91/30 89/89/70
f 96/39/33 78/38/32 113/88/69
f 78/38/32 77/92/72 113/88/69
f 113/88/69 77/92/72 114/90/71
f 77/92/72 76/93/73 114/90/71
f 114/90/71 76/93/73 90/91/30
f 76/93/73 7/34/28 90/91/30
f 88/94/67 93/95/43 12/96/45
f 89/97/70 115/98/74 88/94/67
f 90/36/30 116/99/75 89/97/70
f 88/94/67 115/98/74 93/95/43
f 115/98/74 92/100/46 93/95/43
f 89/97/70 116/99/75 115/98/74
f 116/99/75 117/101/76 115/98/74
f 115/98/74 117/101/76 92/100/46
f 117/101/76 91/102/42 92/100/46
f 90/36/30 75/35/29 116/99/75
f 75/35/29 74/103/77 116/99/75
f 116/99/75 74/103/77 117/101/76
f 74/103/77 73/104/78 117/101/76
f 117/101/76 73/104/78 91/102/42
f 73/104/78 11/46/40 91/102/42
f 48/105/79 87/47/41 11/46/40
f 47/106/80 118/107/81 48/105/79
f 46/33/27 119/108/82 47/106/80
f 48/105/79 118/107/81 87/47/41
f 118/107/81 86/58/51 87/47/41
f 47/106/80 119/108/82 118/107/81
f 119/108/82 120/109/83 118/107/81
f 118/107/81 120/109/83 86/58/51
f 120/109/83 85/59/52 86/58/51
f 46/33/27 69/28/22 119/108/82
f 69/28/22 68/110/84 119/108/82
f 119/108/82 68/110/84 120/109/83
f 68/110/84 67/111/85 120/109/83
f 120/109/83 67/111/85 85/59/52
f 67/111/85 10/43/37 85/59/52
f 72/112/86 84/44/38 10/43/37
f 71/113/87 121/114/88 72/112/86
f 70/32/26 122/115/89 71/113/87
f 72/112/86 121/114/88 84/44/38
f 121/114/88 83/69/58 84/44/38
f 71/113/87 122/115/89 121/114/88
f 122/115/89 123/116/90 121/114/88
f 121/114/88 123/116/90 83/69/58
f 123/116/90 82/70/59 83/69/58
f 70/32/26 63/25/19 122/115/89
f 63/25/19 62/117/91 122/115/89
f 122/115/89 62/117/91 123/116/90
f 62/117/91 61/118/92 123/116/90
f 123/116/90 61/118/92 82/70/59
f 61/118/92 9/40/34 82/70/59
f 66/119/93 81/41/35 9/40/34
f 65/120/94 124/121/95 66/119/93
f 64/31/25 125/122/96 65/120/94
f 66/119/93 124/121/95 81/41/35
f 124/121/95 80/80/65 81/41/35
f 65/120/94 125/122/96 124/121/95
f 125/122/96 126/123/97 124/121/95
f 124/121/95 126/123/97 80/80/65
f 126/123/97 79/81/66 80/80/65
f 64/31/25 57/22/16 125/122/96
f 57/22/16 56/124/98 125/122/96
f 125/122/96 56/124/98 126/123/97
f 56/124/98 55/125/99 126/123/97
f 126/123/97 55/125/99 79/81/66
f 55/125/99 8/82/31 79/81/66
f 60/126/100 78/38/32 8/37/31
f 59/127/101 127/128/102 60/126/100
f 58/30/24 128/129/103 59/127/101
f 60/126/100 127/128/102 78/38/32
f 127/128/102 77/92/72 78/38/32
f 59/127/101 128/129/103 127/128/102
f 128/129/103 129/130/104 127/128/102
f 127/128/102 129/130/104 77/92/72
f 129/130/104 76/93/73 77/92/72
f 58/30/24 51/19/13 128/129/103
f 51/19/13 50/131/105 128/129/103
f 128/129/103 50/131/105 129/130/104
f 50/131/105 49/132/106 129/130/104
f 129/130/104 49/132/106 76/93/73
f 49/132/106 7/34/28 76/93/73
f 54/133/107 75/35/29 7/34/28
f 53/134/108 130/135/109 54/133/107
f 52/29/23 131/136/110 53/134/108
f 54/133/107 130/135/109 75/35/29
f 130/135/109 74/103/77 75/35/29
f 53/134/108 131/136/110 130/135/109
f 131/136/110 132/137/111 130/135/109
f 130/135/109 132/137/111 74/103/77
f 132/137/111 73/104/78 74/103/77
f 52/29/23 45/16/10 131/136/110
f 45/16/10 44/138/112 131/136/110
f 131/136/110 44/138/112 132/137/111
f 44/138/112 43/139/113 132/137/111
f 132/137/111 43/139/113 73/104/78
f 43/139/113 11/46/40 73/104/78
f 67/111/85 72/112/86 10/43/37
f 68/110/84 133/140/114 67/111/85
f 69/28/22 134/141/115 68/110/84
f 67/111/85 133/140/114 72/112/86
f 133/140/114 71/113/87 72/112/86
f 68/110/84 134/141/115 133/140/114
f 134/141/115 135/142/116 133/140/114
f 133/140/114 135/142/116 71/113/87
f 135/142/116 70/32/26 71/113/87
f 69/28/22 42/27/21 134/141/115
f 42/27/21 41/143/117 134/141/115
f 134/141/115 41/143/117 135/142/116
f 41/143/117 40/144/118 135/142/116
f 135/142/116 40/144/118 70/32/26
f 40/144/118 5/23/17 70/32/26
f 61/118/92 66/119/93 9/40/34
f 62/117/91 136/145/119 61/118/92
f 63/25/19 137/146/120 62/117/91
f 61/118/92 136/145/119 66/119/93
f 136/145/119 65/120/94 66/119/93
f 62/117/91 137/146/120 136/145/119
f 137/146/120 138/147/121 136/145/119
f 136/145/119 138/147/121 65/120/94
f 138/147/121 64/31/25 65/120/94
f 63/25/19 39/24/18 137/146/120
f 39/24/18 38/148/122 137/146/120
f 137/146/120 38/148/122 138/147/121
f 38/148/122 37/149/123 138/147/121
f 138/147/121 37/149/123 64/31/25
f 37/149/123 4/20/14 64/31/25
f 55/125/99 60/150/100 8/82/31
f 56/124/98 139/151/124 55/125/99
f 57/22/16 140/152/125 56/124/98
f 55/125/99 139/151/124 60/150/100
f 139/151/124 59/153/101 60/150/100
f 56/124/98 140/152/125 139/151/124
f 140/152/125 141/154/126 139/151/124
f 139/151/124 141/154/126 59/153/101
f 141/154/126 58/155/24 59/153/101
f 57/22/16 33/21/15 140/152/125
f 33/21/15 32/156/127 140/152/125
f 140/152/125 32/156/127 141/154/126
f 32/156/127 31/157/128 141/154/126
f 141/154/126 31/157/128 58/155/24
f 31/157/128 3/158/11 58/155/24
f 49/132/106 54/133/107 7/34/28
f 50/131/105 142/159/129 49/132/106
f 51/19/13 143/160/130 50/131/105
f 49/132/106 142/159/129 54/133/107
f 142/159/129 53/134/108 54/133/107
f 50/131/105 143/160/130 142/159/129
f 143/160/130 144/161/131 142/159/129
f 142/159/129 144/161/131 53/134/108
f 144/161/131 52/29/23 53/134/108
f 51/19/13 21/18/12 143/160/130
f 21/18/12 20/162/132 143/160/130
f 143/160/130 20/162/132 144/161/131
f 20/162/132 19/163/133 144/161/131
f 144/161/131 19/163/133 52/29/23
f 19/163/133 2/4/4 52/29/23
f 43/139/113 48/105/79 11/46/40
f 44/138/112 145/164/134 43/139/113
f 45/16/10 146/165/135 44/138/112
f 43/139/113 145/164/134 48/105/79
f 145/164/134 47/106/80 48/105/79
f 44/138/112 146/165/135 145/164/134
f 146/165/135 147/166/136 145/164/134
f 145/164/134 147/166/136 47/106/80
f 147/166/136 46/33/27 47/106/80
f 45/16/10 24/6/6 146/165/135
f 24/6/6 23/167/137 146/165/135
f 146/165/135 23/167/137 147/166/136
f 23/167/137 22/168/138 147/166/136
f 147/166/136 22/168/138 46/33/27
f 22/168/138 6/26/20 46/33/27
f 27/169/139 42/27/21 6/26/20
f 26/170/140 148/171/141 27/169/139
f 25/15/9 149/172/142 26/170/140
f 27/169/139 148/171/141 42/27/21
f 148/171/141 41/143/117 42/27/21
f 26/170/140 149/172/142 148/171/141
f 149/172/142 150/173/143 148/171/141
f 148/171/141 150/173/143 41/143/117
f 150/173/143 40/144/118 41/143/117
f 25/15/9 36/14/8 149/172/142
f 36/14/8 35/174/144 149/172/142
f 149/172/142 35/174/144 150/173/143
f 35/174/144 34/175/145 150/173/143
f 150/173/143 34/175/145 40/144/118
f 34/175/145 5/23/17 40/144/118
f 34/176/145 39/24/18 5/23/17
f 35/177/144 151/178/146 34/176/145
f 36/12/8 152/179/147 35/177/144
f 34/176/145 151/178/146 39/24/18
f 151/178/146 38/148/122 39/24/18
f 35/177/144 152/179/147 151/178/146
f 152/179/147 153/180/148 151/178/146
f 151/178/146 153/180/148 38/148/122
f 153/180/148 37/149/123 38/148/122
f 36/12/8 30/11/7 152/179/147
f 30/11/7 29/181/149 152/179/147
f 152/179/147 29/181/149 153/180/148
f 29/181/149 28/182/150 153/180/148
f 153/180/148 28/182/150 37/149/123
f 28/182/150 4/20/14 37/149/123
f 28/183/150 33/21/15 4/20/14
f 29/184/149 154/185/151 28/183/150
f 30/9/7 155/186/152 29/184/149
f 28/183/150 154/185/151 33/21/15
f 154/185/151 32/156/127 33/21/15
f 29/184/149 155/186/152 154/185/151
f 155/186/152 156/187/153 154/185/151
f 154/185/151 156/187/153 32/156/127
f 156/187/153 31/157/128 32/156/127
f 30/9/7 15/8/3 155/186/152
f 15/8/3 14/188/154 155/186/152
f 155/186/152 14/188/154 156/187/153
f 14/188/154 13/189/155 156/187/153
f 156/187/153 13/189/155 31/157/128
f 13/189/155 3/158/11 31/157/128
f 22/168/138 27/190/139 6/26/20
f 23/167/137 157/191/156 22/168/138
f 24/6/6 158/192/157 23/167/137
f 22/168/138 157/191/156 27/190/139
f 157/191/156 26/193/140 27/190/139
f 23/167/137 158/192/157 157/191/156
f 158/192/157 159/194/158 157/191/156
f 157/191/156 159/194/158 26/193/140
f 159/194/158 25/195/9 26/193/140
f 24/6/6 18/5/5 158/192/157
f 18/5/5 17/196/159 158/192/157
f 158/192/157 17/196/159 159/194/158
f 17/196/159 16/197/2 159/194/158
f 159/194/158 16/197/2 25/195/9
f 16/197/2 1/198/1 25/195/9
f 13/199/155 21/18/12 3/17/11
f 14/200/154 160/201/160 13/199/155
f 15/3/3 161/202/161 14/200/154
f 13/199/155 160/201/160 21/18/12
f 160/201/160 20/162/132 21/18/12
f 14/200/154 161/202/161 160/201/160
f 161/202/161 162/203/162 160/201/160
f 160/201/160 162/203/162 20/162/132
f 162/203/162 19/163/133 20/162/132
f 15/3/3 16/2/2 161/202/161
f 16/2/2 17/204/159 161/202/161
f 161/202/161 17/204/159 162/203/162
f 17/204/159 18/205/5 162/203/162
f 162/203/162 18/205/5 19/163/133
f 18/205/5 2/4/4 19/163/133
f 179/206/163 163/207/164 176/208/165
f 184/209/166 191/210/167 193/211/168
f 185/212/169 196/213/170 178/214/171
f 172/215/172 188/216/173 190/217/174
f 167/218/175 169/219/176 164/220/177
f 166/221/178 197/222/179 187/223/180
f 194/224/181 208/225/182 196/213/170
f 173/226/183 181/227/184 170/228/185
f 182/229/186 178/214/171 175/230/187
f 190/217/174 200/231/188 202/232/189
f 220/233/190 222/234/191 221/235/192
f 202/232/189 211/236/193 215/237/194
f 197/222/179 199/238/195 187/223/180
f 191/210/167 205/239/196 193/211/168
f 209/240/197 212/241/198 199/238/195
f 203/242/199 217/243/200 205/239/196
f 206/244/201 221/235/192 208/225/182
f 166/221/178 165/245/202 163/207/164
f 165/246/203 167/218/175 164/220/177
f 173/226/183 171/247/204 174/248/205
f 171/247/206 172/215/172 174/248/207
f 185/212/169 183/249/208 186/250/209
f 183/249/210 184/209/166 186/250/211
f 179/206/163 177/251/212 180/252/213
f 177/251/214 178/214/171 180/252/215
f 166/221/178 189/253/216 168/254/217
f 189/255/218 167/218/175 168/256/219
f 173/226/183 192/257/220 191/210/167
f 192/257/221 172/215/172 190/217/174
f 178/214/171 198/258/222 180/252/215
f 198/258/223 179/206/163 180/252/213
f 185/212/169 195/259/224 194/224/181
f 195/259/225 184/209/166 193/211/168
f 190/217/174 204/260/226 192/257/221
f 204/260/226 191/210/167 192/257/227
f 194/224/181 207/261/228 206/244/201
f 207/261/228 193/211/168 205/239/196
f 197/222/179 210/262/229 209/240/197
f 210/262/229 196/213/170 208/225/182
f 187/223/180 201/263/230 189/253/231
f 201/264/230 188/216/173 189/255/218
f 218/265/232 216/266/233 215/267/194
f 219/268/234 214/269/235 216/270/233
f 217/243/200 207/261/228 205/239/196
f 219/271/234 206/244/201 207/261/228
f 209/240/197 222/272/191 220/273/190
f 222/272/191 208/225/182 221/235/192
f 199/238/195 213/274/236 201/263/230
f 213/275/236 200/231/188 201/264/230
f 214/269/235 204/260/226 216/276/233
f 216/276/233 202/232/189 215/237/194
f 169/219/176 227/277/237 228/278/238
f 230/279/239 241/280/240 242/281/241
f 181/227/184 230/279/242 231/282/243
f 163/207/164 232/283/244 176/208/165
f 175/230/187 233/284/245 234/285/246
f 170/228/185 227/277/247 171/247/204
f 182/229/186 230/279/239 183/249/208
f 176/208/165 233/284/248 177/251/212
f 164/220/177 228/278/238 225/286/249
f 163/207/164 223/287/250 224/288/251
f 181/227/184 226/289/252 170/228/185
f 164/220/177 223/290/253 165/246/203
f 175/230/187 229/291/254 182/229/186
f 236/292/1 235/293/1 237/294/1
f 232/283/244 236/295/255 244/296/256
f 223/290/253 237/297/257 235/298/258
f 248/299/259 247/300/259 237/297/257
f 230/279/242 243/301/260 231/282/243
f 227/277/247 238/302/261 239/303/262
f 231/282/243 238/302/261 226/289/252
f 233/284/248 244/296/256 245/304/263
f 227/277/237 240/305/264 228/278/238
f 250/306/265 249/307/265 241/280/240
f 223/287/250 236/295/255 224/288/251
f 233/284/245 246/308/266 234/285/246
f 249/307/267 248/309/267 243/310/267
f 249/307/1 247/311/1 248/309/1
f 252/312/268 304/313/269 303/314/268
f 254/315/270 309/316/271 304/313/269
f 256/317/272 314/318/273 309/316/271
f 258/319/274 319/320/275 314/318/273
f 260/321/276 324/322/277 319/320/275
f 262/323/278 329/324/279 324/322/277
f 264/325/280 334/326/281 329/324/279
f 266/327/282 339/328/283 334/326/281
f 339/328/283 270/329/284 344/330/285
f 344/330/285 272/331/286 349/332/287
f 349/332/287 274/333/288 354/334/289
f 354/334/289 276/335/290 359/336/291
f 359/336/291 278/337/292 364/338/293
f 364/338/293 280/339/294 369/340/295
f 260/341/296 258/342/296 276/343/296
f 369/340/295 282/344/297 374/345/298
f 374/345/298 252/346/268 303/347/268
f 384/348/299 286/349/300 285/350/301
f 297/351/302 298/352/302 286/353/302
f 394/354/303 291/355/304 290/356/305
f 404/357/306 284/358/307 283/359/306
f 413/360/308 295/361/309 414/362/310
f 424/363/311 289/364/312 288/365/313
f 433/366/314 293/367/315 434/368/316
f 404/369/306 298/370/317 439/371/318
f 383/372/319 287/373/320 286/349/300
f 453/374/321 291/355/304 393/375/304
f 458/376/322 296/377/323 413/360/308
f 403/378/324 285/350/301 284/358/307
f 423/379/325 290/356/305 289/364/312
f 414/362/310 294/380/326 433/366/314
f 448/381/327 288/365/313 287/373/320
f 434/368/316 292/382/328 453/374/321
f 439/371/318 297/383/329 458/376/322
f 281/384/330 454/385/322 279/386/331
f 443/387/318 455/388/322 454/385/322
f 442/389/318 456/390/322 455/388/322
f 441/391/318 457/392/322 456/390/322
f 440/393/318 458/376/322 457/392/322
f 271/394/332 449/395/321 269/396/333
f 438/397/316 450/398/321 449/395/321
f 437/399/316 451/400/321 450/398/321
f 436/401/316 452/402/321 451/400/321
f 435/403/316 453/374/321 452/402/321
f 259/404/334 428/405/311 444/406/327
f 444/406/327 427/407/311 445/408/327
f 445/408/327 426/409/311 446/410/327
f 446/410/327 425/411/311 447/412/327
f 447/412/327 424/363/311 448/381/327
f 275/413/335 429/414/314 273/415/336
f 418/416/310 430/417/314 429/414/314
f 417/418/310 431/419/314 430/417/314
f 416/420/310 432/421/314 431/419/314
f 415/422/310 433/366/314 432/421/314
f 263/423/337 398/424/303 419/425/325
f 419/425/325 397/426/303 420/427/325
f 420/427/325 396/428/303 421/429/325
f 421/429/325 395/430/303 422/431/325
f 422/431/325 394/354/303 423/379/325
f 253/432/338 388/433/299 399/434/324
f 399/434/324 387/435/299 400/436/324
f 400/436/324 386/437/299 401/438/324
f 401/438/324 385/439/299 402/440/324
f 402/440/324 384/348/299 403/378/324
f 279/386/331 409/441/308 277/442/339
f 454/385/322 410/443/308 409/441/308
f 455/388/322 411/444/308 410/443/308
f 456/390/322 412/445/308 411/444/308
f 457/392/322 413/360/308 412/445/308
f 269/396/333 389/446/304 267/447/340
f 449/395/321 390/448/304 389/446/304
f 450/398/321 391/449/304 390/448/304
f 451/400/321 392/450/304 391/449/304
f 452/402/321 393/375/304 392/450/304
f 257/451/341 444/406/327 379/452/319
f 379/452/319 445/408/327 380/453/319
f 380/453/319 446/410/327 381/454/319
f 381/454/319 447/412/327 382/455/319
f 382/455/319 448/381/327 383/372/319
f 251/456/342 443/387/318 281/384/330
f 408/457/306 442/389/318 443/387/318
f 407/458/306 441/391/318 442/389/318
f 406/459/306 440/393/318 441/391/318
f 405/460/306 439/371/318 440/393/318
f 273/415/336 438/397/316 271/394/332
f 429/414/314 437/399/316 438/397/316
f 430/417/314 436/401/316 437/399/316
f 431/419/314 435/403/316 436/401/316
f 432/421/314 434/368/316 435/403/316
f 261/461/343 419/425/325 428/405/311
f 428/405/311 420/427/325 427/407/311
f 427/407/311 421/429/325 426/409/311
f 426/409/311 422/431/325 425/411/311
f 425/411/311 423/379/325 424/363/311
f 277/442/339 418/416/310 275/413/335
f 409/441/308 417/418/310 418/416/310
f 410/443/308 416/420/310 417/418/310
f 411/444/308 415/422/310 416/420/310
f 412/445/308 414/362/310 415/422/310
f 251/462/342 399/434/324 408/463/306
f 408/463/306 400/436/324 407/464/306
f 407/464/306 401/438/324 406/465/306
f 406/465/306 402/440/324 405/466/306
f 405/466/306 403/378/324 404/357/306
f 265/467/344 389/446/304 398/424/303
f 398/424/303 390/448/304 397/426/303
f 397/426/303 391/449/304 396/428/303
f 396/428/303 392/450/304 395/430/303
f 395/430/303 393/375/304 394/354/303
f 255/468/345 379/452/319 388/433/299
f 388/433/299 380/453/319 387/435/299
f 387/435/299 381/454/319 386/437/299
f 386/437/299 382/455/319 385/439/299
f 385/439/299 383/372/319 384/348/299
f 281/384/330 299/469/268 251/456/342
f 378/470/298 300/471/268 299/469/268
f 377/472/298 301/473/268 300/471/268
f 376/474/298 302/475/268 301/473/268
f 375/476/298 303/347/268 302/475/268
f 279/386/331 378/470/298 281/384/330
f 373/477/295 377/472/298 378/470/298
f 372/478/295 376/474/298 377/472/298
f 371/479/295 375/476/298 376/474/298
f 370/480/295 374/345/298 375/476/298
f 277/442/339 373/477/295 279/386/331
f 368/481/293 372/478/295 373/477/295
f 367/482/293 371/479/295 372/478/295
f 366/483/293 370/480/295 371/479/295
f 365/484/293 369/340/295 370/480/295
f 275/413/335 368/481/293 277/442/339
f 363/485/291 367/482/293 368/481/293
f 362/486/291 366/483/293 367/482/293
f 361/487/291 365/484/293 366/483/293
f 360/488/291 364/338/293 365/484/293
f 273/415/336 363/485/291 275/413/335
f 358/489/289 362/486/291 363/485/291
f 357/490/289 361/487/291 362/486/291
f 356/491/289 360/488/291 361/487/291
f 355/492/289 359/336/291 360/488/291
f 271/394/332 358/489/289 273/415/336
f 353/493/287 357/490/289 358/489/289
f 352/494/287 356/491/289 357/490/289
f 351/495/287 355/492/289 356/491/289
f 350/496/287 354/334/289 355/492/289
f 269/396/333 353/493/287 271/394/332
f 348/497/285 352/494/287 353/493/287
f 347/498/285 351/495/287 352/494/287
f 346/499/285 350/496/287 351/495/287
f 345/500/285 349/332/287 350/496/287
f 267/447/340 348/497/285 269/396/333
f 343/501/283 347/498/285 348/497/285
f 342/502/283 346/499/285 347/498/285
f 341/503/283 345/500/285 346/499/285
f 340/504/283 344/330/285 345/500/285
f 338/505/281 267/447/340 265/467/344
f 337/506/281 343/501/283 338/505/281
f 336/507/281 342/502/283 337/506/281
f 335/508/281 341/503/283 336/507/281
f 334/326/281 340/504/283 335/508/281
f 333/509/279 265/467/344 263/423/337
f 332/510/279 338/505/281 333/509/279
f 331/511/279 337/506/281 332/510/279
f 330/512/279 336/507/281 331/511/279
f 329/324/279 335/508/281 330/512/279
f 328/513/277 263/423/337 261/461/343
f 327/514/277 333/509/279 328/513/277
f 326/515/277 332/510/279 327/514/277
f 325/516/277 331/511/279 326/515/277
f 324/322/277 330/512/279 325/516/277
f 323/517/275 261/461/343 259/404/334
f 322/518/275 328/513/277 323/517/275
f 321/519/275 327/514/277 322/518/275
f 320/520/275 326/515/277 321/519/275
f 319/320/275 325/516/277 320/520/275
f 318/521/273 259/404/334 257/451/341
f 317/522/273 323/517/275 318/521/273
f 316/523/273 322/518/275 317/522/273
f 315/524/273 321/519/275 316/523/273
f 314/318/273 320/520/275 315/524/273
f 313/525/271 257/451/341 255/468/345
f 312/526/271 318/521/273 313/525/271
f 311/527/271 317/522/273 312/526/271
f 310/528/271 316/523/273 311/527/271
f 309/316/271 315/524/273 310/528/271
f 308/529/269 255/468/345 253/432/338
f 307/530/269 313/525/271 308/529/269
f 306/531/269 312/526/271 307/530/269
f 305/532/269 311/527/271 306/531/269
f 304/313/269 310/528/271 305/532/269
f 299/533/268 253/432/338 251/462/342
f 300/534/268 308/529/269 299/533/268
f 301/535/268 307/530/269 300/534/268
f 302/536/268 306/531/269 301/535/268
f 303/314/268 305/532/269 302/536/268
f 460/537/346 512/538/347 511/539/346
f 512/538/347 464/540/348 517/541/348
f 517/541/348 466/542/349 522/543/349
f 466/542/349 527/544/350 522/543/349
f 468/545/350 532/546/351 527/544/350
f 532/546/351 472/547/352 537/548/352
f 472/547/352 542/549/353 537/548/352
f 542/549/353 476/550/354 547/551/354
f 476/550/354 552/552/355 547/551/354
f 552/552/355 480/553/356 557/554/356
f 480/553/356 562/555/357 557/554/356
f 562/555/357 484/556/358 567/557/358
f 484/556/358 572/558/359 567/557/358
f 486/559/359 577/560/360 572/558/359
f 480/561/361 472/562/361 464/563/361
f 488/564/360 582/565/362 577/560/360
f 582/565/362 460/566/346 511/567/346
f 592/568/363 494/569/364 493/570/363
f 506/571/365 494/572/365 498/573/365
f 601/574/366 498/575/367 602/576/367
f 611/577/368 491/578/369 612/579/369
f 622/580/370 504/581/371 503/582/370
f 632/583/372 497/584/373 496/585/372
f 642/586/374 502/587/375 501/588/376
f 647/589/377 491/590/369 506/591/377
f 656/592/378 494/569/364 591/593/364
f 661/594/379 499/595/366 601/574/366
f 621/596/371 505/597/380 504/581/371
f 611/577/368 493/570/363 492/598/368
f 602/576/367 497/584/373 631/599/381
f 622/580/370 502/587/375 641/600/375
f 656/592/378 496/585/372 495/601/378
f 661/594/379 501/588/376 500/602/379
f 647/589/377 505/597/380 666/603/380
f 489/604/382 662/605/380 487/606/383
f 662/605/380 650/607/377 663/608/380
f 663/608/380 649/609/377 664/610/380
f 664/610/380 648/611/377 665/612/380
f 665/612/380 647/589/377 666/603/380
f 479/613/384 657/614/379 477/615/385
f 657/614/379 645/616/376 658/617/379
f 658/617/379 644/618/374 659/619/379
f 644/618/374 660/620/379 659/619/379
f 643/621/376 661/594/379 660/620/379
f 467/622/386 636/623/372 652/624/378
f 636/623/372 653/625/378 652/624/378
f 635/626/372 654/627/378 653/625/378
f 634/628/372 655/629/378 654/627/378
f 633/630/372 656/592/378 655/629/378
f 481/631/387 626/632/370 637/633/375
f 637/633/375 625/634/370 638/635/375
f 625/634/370 639/636/375 638/635/375
f 639/636/375 623/637/370 640/638/375
f 640/638/375 622/580/370 641/600/375
f 473/639/388 627/640/381 471/641/389
f 606/642/367 628/643/381 627/640/381
f 605/644/367 629/645/373 628/643/381
f 604/646/367 630/647/373 629/645/373
f 603/648/367 631/599/381 630/647/373
f 461/649/390 596/650/363 607/651/368
f 596/650/363 608/652/368 607/651/368
f 595/653/363 609/654/368 608/652/368
f 609/654/368 593/655/363 610/656/368
f 610/656/368 592/568/363 611/577/368
f 485/657/391 662/605/380 617/658/371
f 662/605/380 618/659/371 617/658/371
f 663/608/380 619/660/371 618/659/371
f 664/610/380 620/661/371 619/660/371
f 665/612/380 621/596/371 620/661/371
f 477/615/385 597/662/366 475/663/392
f 597/662/366 658/617/379 598/664/366
f 658/617/379 599/665/366 598/664/366
f 659/619/379 600/666/366 599/665/366
f 600/666/366 661/594/379 601/574/366
f 465/667/393 652/624/378 587/668/364
f 587/668/364 653/625/378 588/669/364
f 588/669/364 654/627/378 589/670/364
f 589/670/364 655/629/378 590/671/364
f 590/671/364 656/592/378 591/593/364
f 459/672/394 651/673/377 489/604/382
f 651/673/377 615/674/369 650/607/377
f 615/674/369 649/609/377 650/607/377
f 614/675/369 648/611/377 649/609/377
f 613/676/369 647/589/377 648/611/377
f 481/631/387 646/677/376 479/613/384
f 637/633/375 645/616/376 646/677/376
f 638/635/375 644/618/374 645/616/376
f 644/618/374 640/638/375 643/621/376
f 643/621/376 641/600/375 642/586/374
f 469/678/395 627/640/381 636/623/372
f 627/640/381 635/626/372 636/623/372
f 635/626/372 629/645/373 634/628/372
f 629/645/373 633/630/372 634/628/372
f 633/630/372 631/599/381 632/583/372
f 483/679/396 617/658/371 626/632/370
f 626/632/370 618/659/371 625/634/370
f 625/634/370 619/660/371 624/680/370
f 624/680/370 620/661/371 623/637/370
f 620/661/371 622/580/370 623/637/370
f 461/649/390 616/681/369 459/682/394
f 607/651/368 615/683/369 616/681/369
f 608/652/368 614/684/369 615/683/369
f 609/654/368 613/685/369 614/684/369
f 610/656/368 612/579/369 613/685/369
f 473/639/388 597/662/366 606/642/367
f 597/662/366 605/644/367 606/642/367
f 598/664/366 604/646/367 605/644/367
f 599/665/366 603/648/367 604/646/367
f 600/666/366 602/576/367 603/648/367
f 463/686/397 587/668/364 596/650/363
f 596/650/363 588/669/364 595/653/363
f 595/653/363 589/670/364 594/687/363
f 594/687/363 590/671/364 593/655/363
f 593/655/363 591/593/364 592/568/363
f 489/604/382 507/688/346 459/672/394
f 586/689/362 508/690/346 507/688/346
f 584/691/362 508/690/346 585/692/362
f 583/693/362 509/694/346 584/691/362
f 583/693/362 511/567/346 510/695/346
f 581/696/360 489/604/382 487/606/383
f 581/696/360 585/692/362 586/689/362
f 580/697/360 584/691/362 585/692/362
f 579/698/360 583/693/362 584/691/362
f 578/699/360 582/565/362 583/693/362
f 576/700/359 487/606/383 485/657/391
f 575/701/359 581/696/360 576/700/359
f 575/701/359 579/698/360 580/697/360
f 573/702/359 579/698/360 574/703/359
f 572/558/359 578/699/360 573/702/359
f 571/704/358 485/657/391 483/679/396
f 570/705/358 576/700/359 571/704/358
f 569/706/358 575/701/359 570/705/358
f 568/707/358 574/703/359 569/706/358
f 568/707/358 572/558/359 573/702/359
f 481/631/387 571/704/358 483/679/396
f 566/708/357 570/705/358 571/704/358
f 565/709/357 569/706/358 570/705/358
f 564/710/357 568/707/358 569/706/358
f 563/711/357 567/557/358 568/707/358
f 561/712/356 481/631/387 479/613/384
f 561/712/356 565/709/357 566/708/357
f 560/713/356 564/710/357 565/709/357
f 559/714/356 563/711/357 564/710/357
f 558/715/356 562/555/357 563/711/357
f 477/615/385 561/712/356 479/613/384
f 555/716/355 561/712/356 556/717/355
f 554/718/355 560/713/356 555/716/355
f 553/719/355 559/714/356 554/718/355
f 553/719/355 557/554/356 558/715/356
f 475/663/392 556/717/355 477/615/385
f 550/720/354 556/717/355 551/721/354
f 549/722/354 555/716/355 550/720/354
f 549/722/354 553/719/355 554/718/355
f 547/551/354 553/719/355 548/723/354
f 473/639/388 551/721/354 475/663/392
f 545/724/353 551/721/354 546/725/353
f 545/724/353 549/722/354 550/720/354
f 544/726/353 548/723/354 549/722/354
f 542/549/353 548/723/354 543/727/353
f 541/728/352 473/639/388 471/641/389
f 541/728/352 545/724/353 546/725/353
f 540/729/352 544/726/353 545/724/353
f 539/730/352 543/727/353 544/726/353
f 537/548/352 543/727/353 538/731/352
f 536/732/351 471/641/389 469/678/395
f 535/733/351 541/728/352 536/732/351
f 534/734/351 540/729/352 535/733/351
f 533/735/351 539/730/352 534/734/351
f 533/735/351 537/548/352 538/731/352
f 531/736/350 469/678/395 467/622/386
f 530/737/350 536/732/351 531/736/350
f 529/738/350 535/733/351 530/737/350
f 528/739/350 534/734/351 529/738/350
f 527/544/350 533/735/351 528/739/350
f 526/740/349 467/622/386 465/667/393
f 526/740/349 530/737/350 531/736/350
f 525/741/349 529/738/350 530/737/350
f 523/742/349 529/738/350 524/743/349
f 523/742/349 527/544/350 528/739/350
f 463/686/397 526/740/349 465/667/393
f 521/744/348 525/741/349 526/740/349
f 519/745/348 525/741/349 520/746/348
f 519/745/348 523/742/349 524/743/349
f 517/541/348 523/742/349 518/747/348
f 461/649/390 521/744/348 463/686/397
f 515/748/347 521/744/348 516/749/347
f 514/750/347 520/746/348 515/748/347
f 513/751/347 519/745/348 514/750/347
f 512/538/347 518/747/348 513/751/347
f 507/752/346 461/649/390 459/682/394
f 507/752/346 515/748/347 516/749/347
f 508/753/346 514/750/347 515/748/347
f 510/754/346 514/750/347 509/755/346
f 511/539/346 513/751/347 510/754/346
f 668/756/398 720/757/399 719/758/398
f 670/759/400 725/760/401 720/757/399
f 672/761/402 730/762/403 725/760/401
f 674/763/404 735/764/405 730/762/403
f 676/765/406 740/766/407 735/764/405
f 678/767/408 745/768/409 740/766/407
f 680/769/410 750/770/411 745/768/409
f 682/771/412 755/772/413 750/770/411
f 755/772/413 686/773/414 760/774/415
f 760/774/415 688/775/416 765/776/417
f 765/776/417 690/777/418 770/778/419
f 770/778/419 692/779/420 775/780/421
f 775/780/421 694/781/422 780/782/423
f 780/782/423 696/783/424 785/784/425
f 676/785/426 674/786/426 692/787/426
f 785/784/425 698/788/427 790/789/428
f 790/789/428 668/790/398 719/791/398
f 800/792/429 702/793/430 701/794/431
f 713/795/432 714/796/432 702/797/432
f 810/798/433 707/799/434 706/800/435
f 820/801/436 700/802/437 699/803/436
f 829/804/438 711/805/439 830/806/440
f 840/807/441 705/808/442 704/809/443
f 849/810/444 709/811/445 850/812/446
f 820/813/436 714/814/447 855/815/448
f 799/816/449 703/817/450 702/793/430
f 869/818/451 707/799/434 809/819/434
f 874/820/452 712/821/453 829/804/438
f 819/822/454 701/794/431 700/802/437
f 839/823/455 706/800/435 705/808/442
f 830/806/440 710/824/456 849/810/444
f 864/825/457 704/809/443 703/817/450
f 850/812/446 708/826/458 869/818/451
f 855/815/448 713/827/459 874/820/452
f 697/828/460 870/829/452 695/830/461
f 859/831/448 871/832/452 870/829/452
f 858/833/448 872/834/452 871/832/452
f 857/835/448 873/836/452 872/834/452
f 856/837/448 874/820/452 873/836/452
f 687/838/462 865/839/451 685/840/463
f 854/841/446 866/842/451 865/839/451
f 853/843/446 867/844/451 866/842/451
f 852/845/446 868/846/451 867/844/451
f 851/847/446 869/818/451 868/846/451
f 675/848/464 844/849/441 860/850/457
f 860/850/457 843/851/441 861/852/457
f 861/852/457 842/853/441 862/854/457
f 862/854/457 841/855/441 863/856/457
f 863/856/457 840/807/441 864/825/457
f 691/857/465 845/858/444 689/859/466
f 834/860/440 846/861/444 845/858/444
f 833/862/440 847/863/444 846/861/444
f 832/864/440 848/865/444 847/863/444
f 831/866/440 849/810/444 848/865/444
f 679/867/467 814/868/433 835/869/455
f 835/869/455 813/870/433 836/871/455
f 836/871/455 812/872/433 837/873/455
f 837/873/455 811/874/433 838/875/455
f 838/875/455 810/798/433 839/823/455
f 669/876/468 804/877/429 815/878/454
f 815/878/454 803/879/429 816/880/454
f 816/880/454 802/881/429 817/882/454
f 817/882/454 801/883/429 818/884/454
f 818/884/454 800/792/429 819/822/454
f 695/830/461 825/885/438 693/886/469
f 870/829/452 826/887/438 825/885/438
f 871/832/452 827/888/438 826/887/438
f 872/834/452 828/889/438 827/888/438
f 873/836/452 829/804/438 828/889/438
f 685/840/463 805/890/434 683/891/470
f 865/839/451 806/892/434 805/890/434
f 866/842/451 807/893/434 806/892/434
f 867/844/451 808/894/434 807/893/434
f 868/846/451 809/819/434 808/894/434
f 673/895/471 860/850/457 795/896/449
f 795/896/449 861/852/457 796/897/449
f 796/897/449 862/854/457 797/898/449
f 797/898/449 863/856/457 798/899/449
f 798/899/449 864/825/457 799/816/449
f 667/900/472 859/831/448 697/828/460
f 824/901/436 858/833/448 859/831/448
f 823/902/436 857/835/448 858/833/448
f 822/903/436 856/837/448 857/835/448
f 821/904/436 855/815/448 856/837/448
f 689/859/466 854/841/446 687/838/462
f 845/858/444 853/843/446 854/841/446
f 846/861/444 852/845/446 853/843/446
f 847/863/444 851/847/446 852/845/446
f 848/865/444 850/812/446 851/847/446
f 677/905/473 835/869/455 844/849/441
f 844/849/441 836/871/455 843/851/441
f 843/851/441 837/873/455 842/853/441
f 842/853/441 838/875/455 841/855/441
f 841/855/441 839/823/455 840/807/441
f 693/886/469 834/860/440 691/857/465
f 825/885/438 833/862/440 834/860/440
f 826/887/438 832/864/440 833/862/440
f 827/888/438 831/866/440 832/864/440
f 828/889/438 830/806/440 831/866/440
f 667/906/472 815/878/454 824/907/436
f 824/907/436 816/880/454 823/908/436
f 823/908/436 817/882/454 822/909/436
f 822/909/436 818/884/454 821/910/436
f 821/910/436 819/822/454 820/801/436
f 681/911/474 805/890/434 814/868/433
f 814/868/433 806/892/434 813/870/433
f 813/870/433 807/893/434 812/872/433
f 812/872/433 808/894/434 811/874/433
f 811/874/433 809/819/434 810/798/433
f 671/912/475 795/896/449 804/877/429
f 804/877/429 796/897/449 803/879/429
f 803/879/429 797/898/449 802/881/429
f 802/881/429 798/899/449 801/883/429
f 801/883/429 799/816/449 800/792/429
f 697/828/460 715/913/398 667/900/472
f 794/914/428 716/915/398 715/913/398
f 793/916/428 717/917/398 716/915/398
f 792/918/428 718/919/398 717/917/398
f 791/920/428 719/791/398 718/919/398
f 695/830/461 794/914/428 697/828/460
f 789/921/425 793/916/428 794/914/428
f 788/922/425 792/918/428 793/916/428
f 787/923/425 791/920/428 792/918/428
f 786/924/425 790/789/428 791/920/428
f 693/886/469 789/921/425 695/830/461
f 784/925/423 788/922/425 789/921/425
f 783/926/423 787/923/425 788/922/425
f 782/927/423 786/924/425 787/923/425
f 781/928/423 785/784/425 786/924/425
f 691/857/465 784/925/423 693/886/469
f 779/929/421 783/926/423 784/925/423
f 778/930/421 782/927/423 783/926/423
f 777/931/421 781/928/423 782/927/423
f 776/932/421 780/782/423 781/928/423
f 689/859/466 779/929/421 691/857/465
f 774/933/419 778/930/421 779/929/421
f 773/934/419 777/931/421 778/930/421
f 772/935/419 776/932/421 777/931/421
f 771/936/419 775/780/421 776/932/421
f 687/838/462 774/933/419 689/859/466
f 769/937/417 773/934/419 774/933/419
f 768/938/417 772/935/419 773/934/419
f 767/939/417 771/936/419 772/935/419
f 766/940/417 770/778/419 771/936/419
f 685/840/463 769/937/417 687/838/462
f 764/941/415 768/938/417 769/937/417
f 763/942/415 767/939/417 768/938/417
f 762/943/415 766/940/417 767/939/417
f 761/944/415 765/776/417 766/940/417
f 683/891/470 764/941/415 685/840/463
f 759/945/413 763/942/415 764/941/415
f 758/946/413 762/943/415 763/942/415
f 757/947/413 761/944/415 762/943/415
f 756/948/413 760/774/415 761/944/415
f 754/949/411 683/891/470 681/911/474
f 753/950/411 759/945/413 754/949/411
f 752/951/411 758/946/413 753/950/411
f 751/952/411 757/947/413 752/951/411
f 750/770/411 756/948/413 751/952/411
f 749/953/409 681/911/474 679/867/467
f 748/954/409 754/949/411 749/953/409
f 747/955/409 753/950/411 748/954/409
f 746/956/409 752/951/411 747/955/409
f 745/768/409 751/952/411 746/956/409
f 744/957/407 679/867/467 677/905/473
f 743/958/407 749/953/409 744/957/407
f 742/959/407 748/954/409 743/958/407
f 741/960/407 747/955/409 742/959/407
f 740/766/407 746/956/409 741/960/407
f 739/961/405 677/905/473 675/848/464
f 738/962/405 744/957/407 739/961/405
f 737/963/405 743/958/407 738/962/405
f 736/964/405 742/959/407 737/963/405
f 735/764/405 741/960/407 736/964/405
f 734/965/403 675/848/464 673/895/471
f 733/966/403 739/961/405 734/965/403
f 732/967/403 738/962/405 733/966/403
f 731/968/403 737/963/405 732/967/403
f 730/762/403 736/964/405 731/968/403
f 729/969/401 673/895/471 671/912/475
f 728/970/401 734/965/403 729/969/401
f 727/971/401 733/966/403 728/970/401
f 726/972/401 732/967/403 727/971/401
f 725/760/401 731/968/403 726/972/401
f 724/973/399 671/912/475 669/876/468
f 723/974/399 729/969/401 724/973/399
f 722/975/399 728/970/401 723/974/399
f 721/976/399 727/971/401 722/975/399
f 720/757/399 726/972/401 721/976/399
f 715/977/398 669/876/468 667/906/472
f 716/978/398 724/973/399 715/977/398
f 717/979/398 723/974/399 716/978/398
f 718/980/398 722/975/399 717/979/398
f 719/758/398 721/976/399 718/980/398
f 876/981/476 928/982/477 927/983/476
f 878/984/477 933/985/478 928/982/477
f 933/985/478 882/986/479 938/987/479
f 938/987/479 884/988/480 943/989/480
f 884/988/480 948/990/481 943/989/480
f 948/990/481 888/991/482 953/992/482
f 888/991/482 958/993/483 953/992/482
f 958/993/483 892/994/484 963/995/484
f 892/994/484 968/996/485 963/995/484
f 968/996/485 896/997/486 973/998/486
f 896/997/486 978/999/487 973/998/486
f 978/999/487 900/1000/488 983/1001/488
f 983/1001/488 902/1002/489 988/1003/489
f 902/1002/489 993/1004/490 988/1003/489
f 896/1005/491 888/1006/491 880/1007/491
f 904/1008/490 998/1009/492 993/1004/490
f 998/1009/492 876/1010/476 927/1011/476
f 1008/1012/493 910/1013/494 909/1014/493
f 922/1015/495 910/1016/495 914/1017/495
f 1018/1018/496 915/1019/497 914/1020/496
f 1027/1021/498 907/1022/499 1028/1023/499
f 1038/1024/500 920/1025/501 919/1026/500
f 1047/1027/502 912/1028/503 1048/1029/503
f 1057/1030/504 917/1031/505 1058/1032/505
f 1063/1033/506 907/1034/499 922/1035/506
f 1072/1036/507 910/1013/494 1007/1037/494
f 1077/1038/508 915/1019/497 1017/1039/497
f 1082/1040/509 920/1025/501 1037/1041/501
f 1027/1021/498 909/1014/493 908/1042/498
f 1047/1027/502 914/1020/496 913/1043/510
f 1057/1030/504 919/1026/500 918/1044/504
f 1048/1029/503 911/1045/507 1072/1036/507
f 1077/1038/508 917/1031/505 916/1046/508
f 1063/1033/506 921/1047/509 1082/1040/509
f 905/1048/511 1078/1049/509 903/1050/512
f 1078/1049/509 1066/1051/506 1079/1052/509
f 1079/1052/509 1065/1053/506 1080/1054/509
f 1080/1054/509 1064/1055/506 1081/1056/509
f 1081/1056/509 1063/1033/506 1082/1040/509
f 895/1057/513 1073/1058/508 893/1059/514
f 1062/1060/515 1074/1061/508 1073/1058/508
f 1061/1062/505 1075/1063/508 1074/1061/508
f 1060/1064/515 1076/1065/508 1075/1063/508
f 1076/1065/508 1058/1032/505 1077/1038/508
f 885/1066/516 1068/1067/507 883/1068/517
f 1068/1067/507 1051/1069/503 1069/1070/507
f 1069/1070/507 1050/1071/503 1070/1072/507
f 1070/1072/507 1049/1073/503 1071/1074/507
f 1049/1073/503 1072/1036/507 1071/1074/507
f 899/1075/518 1053/1076/504 897/1077/519
f 1042/1078/500 1054/1079/504 1053/1076/504
f 1041/1080/500 1055/1081/504 1054/1079/504
f 1040/1082/500 1056/1083/504 1055/1081/504
f 1056/1083/504 1038/1024/500 1057/1030/504
f 887/1084/520 1022/1085/496 1043/1086/510
f 1043/1086/510 1021/1087/496 1044/1088/502
f 1044/1088/502 1020/1089/496 1045/1090/502
f 1020/1089/496 1046/1091/510 1045/1090/502
f 1019/1092/496 1047/1027/502 1046/1091/510
f 877/1093/521 1012/1094/493 1023/1095/498
f 1023/1095/498 1011/1096/493 1024/1097/498
f 1024/1097/498 1010/1098/493 1025/1099/498
f 1025/1099/498 1009/1100/493 1026/1101/498
f 1009/1100/493 1027/1021/498 1026/1101/498
f 901/1102/522 1078/1049/509 1033/1103/501
f 1078/1049/509 1034/1104/501 1033/1103/501
f 1079/1052/509 1035/1105/501 1034/1104/501
f 1080/1054/509 1036/1106/501 1035/1105/501
f 1081/1056/509 1037/1041/501 1036/1106/501
f 893/1059/514 1013/1107/497 891/1108/523
f 1013/1107/497 1074/1061/508 1014/1109/497
f 1014/1109/497 1075/1063/508 1015/1110/497
f 1015/1110/497 1076/1065/508 1016/1111/497
f 1016/1111/497 1077/1038/508 1017/1039/497
f 883/1068/517 1003/1112/494 881/1113/524
f 1003/1112/494 1069/1070/507 1004/1114/494
f 1004/1114/494 1070/1072/507 1005/1115/494
f 1005/1115/494 1071/1074/507 1006/1116/494
f 1006/1116/494 1072/1036/507 1007/1037/494
f 905/1048/511 1032/1117/499 1067/1118/506
f 1067/1118/506 1031/1119/499 1066/1051/506
f 1031/1119/499 1065/1053/506 1066/1051/506
f 1030/1120/499 1064/1055/506 1065/1053/506
f 1029/1121/499 1063/1033/506 1064/1055/506
f 895/1057/513 1053/1076/504 1062/1060/515
f 1062/1060/515 1054/1079/504 1061/1062/505
f 1061/1062/505 1055/1081/504 1060/1064/515
f 1060/1064/515 1056/1083/504 1059/1122/505
f 1059/1122/505 1057/1030/504 1058/1032/505
f 887/1084/520 1052/1123/503 885/1066/516
f 1043/1086/510 1051/1069/503 1052/1123/503
f 1044/1088/502 1050/1071/503 1051/1069/503
f 1045/1090/502 1049/1073/503 1050/1071/503
f 1046/1091/510 1048/1029/503 1049/1073/503
f 899/1075/518 1033/1103/501 1042/1078/500
f 1042/1078/500 1034/1104/501 1041/1080/500
f 1041/1080/500 1035/1105/501 1040/1082/500
f 1035/1105/501 1039/1124/500 1040/1082/500
f 1036/1106/501 1038/1024/500 1039/1124/500
f 877/1093/521 1032/1125/499 875/1126/525
f 1032/1125/499 1024/1097/498 1031/1127/499
f 1031/1127/499 1025/1099/498 1030/1128/499
f 1030/1128/499 1026/1101/498 1029/1129/499
f 1026/1101/498 1028/1023/499 1029/1129/499
f 891/1108/523 1022/1085/496 889/1130/526
f 1013/1107/497 1021/1087/496 1022/1085/496
f 1014/1109/497 1020/1089/496 1021/1087/496
f 1020/1089/496 1016/1111/497 1019/1092/496
f 1016/1111/497 1018/1018/496 1019/1092/496
f 879/1131/527 1003/1112/494 1012/1094/493
f 1012/1094/493 1004/1114/494 1011/1096/493
f 1004/1114/494 1010/1098/493 1011/1096/493
f 1005/1115/494 1009/1100/493 1010/1098/493
f 1006/1116/494 1008/1012/493 1009/1100/493
f 1002/1132/492 875/1133/525 905/1048/511
f 1002/1132/492 924/1134/476 923/1135/476
f 1000/1136/492 924/1134/476 1001/1137/492
f 999/1138/492 925/1139/476 1000/1136/492
f 998/1009/492 926/1140/476 999/1138/492
f 903/1050/512 1002/1132/492 905/1048/511
f 996/1141/490 1002/1132/492 997/1142/490
f 996/1141/490 1000/1136/492 1001/1137/492
f 994/1143/490 1000/1136/492 995/1144/490
f 993/1004/490 999/1138/492 994/1143/490
f 901/1102/522 997/1142/490 903/1050/512
f 992/1145/489 996/1141/490 997/1142/490
f 991/1146/489 995/1144/490 996/1141/490
f 989/1147/489 995/1144/490 990/1148/489
f 988/1003/489 994/1143/490 989/1147/489
f 987/1149/488 901/1102/522 899/1075/518
f 986/1150/488 992/1145/489 987/1149/488
f 985/1151/488 991/1146/489 986/1150/488
f 984/1152/488 990/1148/489 985/1151/488
f 984/1152/488 988/1003/489 989/1147/489
f 897/1077/519 987/1149/488 899/1075/518
f 982/1153/487 986/1150/488 987/1149/488
f 980/1154/487 986/1150/488 981/1155/487
f 980/1154/487 984/1152/488 985/1151/488
f 978/999/487 984/1152/488 979/1156/487
f 977/1157/486 897/1077/519 895/1057/513
f 977/1157/486 981/1155/487 982/1153/487
f 976/1158/486 980/1154/487 981/1155/487
f 974/1159/486 980/1154/487 975/1160/486
f 973/998/486 979/1156/487 974/1159/486
f 972/1161/485 895/1057/513 893/1059/514
f 971/1162/485 977/1157/486 972/1161/485
f 970/1163/485 976/1158/486 971/1162/485
f 970/1163/485 974/1159/486 975/1160/486
f 968/996/485 974/1159/486 969/1164/485
f 891/1108/523 972/1161/485 893/1059/514
f 967/1165/484 971/1162/485 972/1161/485
f 966/1166/484 970/1163/485 971/1162/485
f 965/1167/484 969/1164/485 970/1163/485
f 963/995/484 969/1164/485 964/1168/484
f 889/1130/526 967/1165/484 891/1108/523
f 962/1169/483 966/1166/484 967/1165/484
f 960/1170/483 966/1166/484 961/1171/483
f 959/1172/483 965/1167/484 960/1170/483
f 958/993/483 964/1168/484 959/1172/483
f 957/1173/482 889/1130/526 887/1084/520
f 957/1173/482 961/1171/483 962/1169/483
f 955/1174/482 961/1171/483 956/1175/482
f 954/1176/482 960/1170/483 955/1174/482
f 954/1176/482 958/993/483 959/1172/483
f 952/1177/481 887/1084/520 885/1066/516
f 951/1178/481 957/1173/482 952/1177/481
f 950/1179/481 956/1175/482 951/1178/481
f 950/1179/481 954/1176/482 955/1174/482
f 949/1180/481 953/992/482 954/1176/482
f 947/1181/480 885/1066/516 883/1068/517
f 946/1182/480 952/1177/481 947/1181/480
f 945/1183/480 951/1178/481 946/1182/480
f 944/1184/480 950/1179/481 945/1183/480
f 943/989/480 949/1180/481 944/1184/480
f 881/1113/524 947/1181/480 883/1068/517
f 942/1185/479 946/1182/480 947/1181/480
f 941/1186/479 945/1183/480 946/1182/480
f 940/1187/479 944/1184/480 945/1183/480
f 938/987/479 944/1184/480 939/1188/479
f 937/1189/478 881/1113/524 879/1131/527
f 937/1189/478 941/1186/479 942/1185/479
f 935/1190/478 941/1186/479 936/1191/478
f 935/1190/478 939/1188/479 940/1187/479
f 933/985/478 939/1188/479 934/1192/478
f 932/1193/477 879/1131/527 877/1093/521
f 931/1194/477 937/1189/478 932/1193/477
f 930/1195/477 936/1191/478 931/1194/477
f 930/1195/477 934/1192/478 935/1190/478
f 929/1196/477 933/985/478 934/1192/478
f 923/1197/476 877/1093/521 875/1126/525
f 923/1197/476 931/1194/477 932/1193/477
f 924/1198/476 930/1195/477 931/1194/477
f 925/1199/476 929/1196/477 930/1195/477
f 927/983/476 929/1196/477 926/1200/476
f 179/206/163 166/221/178 163/207/164
f 184/209/166 173/226/183 191/210/167
f 185/212/169 194/224/181 196/213/170
f 172/215/172 167/218/175 188/216/173
f 167/218/175 172/215/172 169/219/176
f 166/221/178 179/206/163 197/222/179
f 194/224/181 206/244/201 208/225/182
f 173/226/183 184/209/166 181/227/184
f 182/229/186 185/212/169 178/214/171
f 190/217/174 188/216/173 200/231/188
f 221/235/192 218/265/232 215/267/194
f 215/267/194 211/1201/193 221/235/192
f 211/1201/193 213/1202/236 212/1203/198
f 221/235/192 211/1201/193 220/233/190
f 212/1203/198 220/233/190 211/1201/193
f 202/232/189 200/231/188 211/236/193
f 197/222/179 209/240/197 199/238/195
f 191/210/167 203/242/199 205/239/196
f 209/240/197 220/273/190 212/241/198
f 203/242/199 214/269/235 217/243/200
f 206/244/201 218/265/232 221/235/192
f 166/221/178 168/1204/217 165/245/202
f 165/246/203 168/1205/219 167/218/175
f 173/226/183 170/228/185 171/247/204
f 171/247/206 169/219/176 172/215/172
f 185/212/169 182/229/186 183/249/208
f 183/249/210 181/227/184 184/209/166
f 179/206/163 176/208/165 177/251/212
f 177/251/214 175/230/187 178/214/171
f 166/221/178 187/223/180 189/253/216
f 189/255/218 188/216/173 167/218/175
f 173/226/183 174/248/205 192/257/220
f 192/257/221 174/248/207 172/215/172
f 178/214/171 196/213/170 198/258/222
f 198/258/223 197/222/179 179/206/163
f 185/212/169 186/250/209 195/259/224
f 195/259/225 186/250/211 184/209/166
f 190/217/174 202/232/189 204/260/226
f 204/260/226 203/242/199 191/210/167
f 194/224/181 195/259/224 207/261/228
f 207/261/228 195/259/528 193/211/168
f 197/222/179 198/258/529 210/262/229
f 210/262/229 198/258/222 196/213/170
f 187/223/180 199/238/195 201/263/230
f 201/264/230 200/231/188 188/216/173
f 218/265/232 219/1206/234 216/266/233
f 219/268/234 217/243/200 214/269/235
f 217/243/200 219/271/234 207/261/228
f 219/271/234 218/265/232 206/244/201
f 209/240/197 210/262/229 222/272/191
f 222/272/191 210/262/229 208/225/182
f 199/238/195 212/241/198 213/274/236
f 213/275/236 211/236/193 200/231/188
f 214/269/235 203/242/199 204/260/226
f 216/276/233 204/260/226 202/232/189
f 169/219/176 171/247/206 227/277/237
f 230/279/239 229/291/254 241/280/240
f 181/227/184 183/249/210 230/279/242
f 163/207/164 224/288/251 232/283/244
f 175/230/187 177/251/214 233/284/245
f 170/228/185 226/289/252 227/277/247
f 182/229/186 229/291/254 230/279/239
f 176/208/165 232/283/244 233/284/248
f 164/220/177 169/219/176 228/278/238
f 163/207/164 165/245/202 223/287/250
f 181/227/184 231/282/243 226/289/252
f 164/220/177 225/286/249 223/290/253
f 175/230/187 234/285/246 229/291/254
f 237/294/530 247/311/530 236/292/530
f 247/311/531 250/306/531 236/292/531
f 250/306/532 246/308/532 244/1207/532
f 246/308/1 245/1208/1 244/1207/1
f 244/1207/531 236/292/531 250/306/531
f 232/283/244 224/288/251 236/295/255
f 223/290/253 225/286/249 237/297/257
f 237/297/257 225/286/249 228/278/238
f 228/278/238 240/305/264 237/297/257
f 240/305/264 248/299/259 237/297/257
f 230/279/242 242/281/533 243/301/260
f 227/277/247 226/289/252 238/302/261
f 231/282/243 243/301/260 238/302/261
f 233/284/248 232/283/244 244/296/256
f 227/277/237 239/303/534 240/305/264
f 241/280/240 229/291/254 246/308/266
f 229/291/254 234/285/246 246/308/266
f 246/308/266 250/306/265 241/280/240
f 223/287/250 235/1209/535 236/295/255
f 233/284/245 245/304/536 246/308/266
f 248/309/537 240/1210/537 238/1211/537
f 240/1210/1 239/1212/1 238/1211/1
f 238/1211/267 243/310/267 248/309/267
f 243/310/1 242/1213/1 241/280/1
f 241/280/538 249/307/538 243/310/538
f 249/307/1 250/306/1 247/311/1
f 252/312/268 254/315/270 304/313/269
f 254/315/270 256/317/272 309/316/271
f 256/317/272 258/319/274 314/318/273
f 258/319/274 260/321/276 319/320/275
f 260/321/276 262/323/278 324/322/277
f 262/323/278 264/325/280 329/324/279
f 264/325/280 266/327/282 334/326/281
f 266/327/282 268/1214/283 339/328/283
f 339/328/283 268/1214/283 270/329/284
f 344/330/285 270/329/284 272/331/286
f 349/332/287 272/331/286 274/333/288
f 354/334/289 274/333/288 276/335/290
f 359/336/291 276/335/290 278/337/292
f 364/338/293 278/337/292 280/339/294
f 256/1215/296 254/1216/296 280/1217/296
f 254/1216/296 252/1218/296 280/1217/296
f 252/1218/296 282/1219/296 280/1217/296
f 280/1217/296 278/1220/296 256/1215/296
f 278/1220/296 276/343/296 258/342/296
f 256/1215/296 278/1220/296 258/342/296
f 276/343/296 274/1221/296 260/341/296
f 274/1221/296 272/1222/296 262/1223/296
f 260/341/296 274/1221/296 262/1223/296
f 272/1222/296 270/1224/296 264/1225/296
f 270/1224/296 268/1226/296 264/1225/296
f 268/1226/296 266/1227/296 264/1225/296
f 264/1225/296 262/1223/296 272/1222/296
f 369/340/295 280/339/294 282/344/297
f 374/345/298 282/344/297 252/346/268
f 384/348/299 383/372/319 286/349/300
f 298/352/302 283/1228/302 284/1229/302
f 284/1229/302 285/1230/302 298/352/302
f 285/1230/302 286/353/302 298/352/302
f 286/353/302 287/1231/302 295/1232/302
f 287/1231/302 288/1233/302 294/1234/302
f 288/1233/302 289/1235/302 294/1234/302
f 289/1235/302 290/1236/302 294/1234/302
f 290/1236/302 291/1237/302 292/1238/302
f 292/1238/302 293/1239/302 290/1236/302
f 293/1239/302 294/1234/302 290/1236/302
f 294/1234/302 295/1232/302 287/1231/302
f 295/1232/302 296/1240/302 286/353/302
f 296/1240/302 297/351/302 286/353/302
f 394/354/303 393/375/304 291/355/304
f 404/357/306 403/378/324 284/358/307
f 413/360/308 296/377/323 295/361/309
f 424/363/311 423/379/325 289/364/312
f 433/366/314 294/380/326 293/367/315
f 404/369/306 283/1241/306 298/370/317
f 383/372/319 448/381/327 287/373/320
f 453/374/321 292/382/328 291/355/304
f 458/376/322 297/383/329 296/377/323
f 403/378/324 384/348/299 285/350/301
f 423/379/325 394/354/303 290/356/305
f 414/362/310 295/361/309 294/380/326
f 448/381/327 424/363/311 288/365/313
f 434/368/316 293/367/315 292/382/328
f 439/371/318 298/370/317 297/383/329
f 281/384/330 443/387/318 454/385/322
f 443/387/318 442/389/318 455/388/322
f 442/389/318 441/391/318 456/390/322
f 441/391/318 440/393/318 457/392/322
f 440/393/318 439/371/318 458/376/322
f 271/394/332 438/397/316 449/395/321
f 438/397/316 437/399/316 450/398/321
f 437/399/316 436/401/316 451/400/321
f 436/401/316 435/403/316 452/402/321
f 435/403/316 434/368/316 453/374/321
f 259/404/334 261/461/343 428/405/311
f 444/406/327 428/405/311 427/407/311
f 445/408/327 427/407/311 426/409/311
f 446/410/327 426/409/311 425/411/311
f 447/412/327 425/411/311 424/363/311
f 275/413/335 418/416/310 429/414/314
f 418/416/310 417/418/310 430/417/314
f 417/418/310 416/420/310 431/419/314
f 416/420/310 415/422/310 432/421/314
f 415/422/310 414/362/310 433/366/314
f 263/423/337 265/467/344 398/424/303
f 419/425/325 398/424/303 397/426/303
f 420/427/325 397/426/303 396/428/303
f 421/429/325 396/428/303 395/430/303
f 422/431/325 395/430/303 394/354/303
f 253/432/338 255/468/345 388/433/299
f 399/434/324 388/433/299 387/435/299
f 400/436/324 387/435/299 386/437/299
f 401/438/324 386/437/299 385/439/299
f 402/440/324 385/439/299 384/348/299
f 279/386/331 454/385/322 409/441/308
f 454/385/322 455/388/322 410/443/308
f 455/388/322 456/390/322 411/444/308
f 456/390/322 457/392/322 412/445/308
f 457/392/322 458/376/322 413/360/308
f 269/396/333 449/395/321 389/446/304
f 449/395/321 450/398/321 390/448/304
f 450/398/321 451/400/321 391/449/304
f 451/400/321 452/402/321 392/450/304
f 452/402/321 453/374/321 393/375/304
f 257/451/341 259/404/334 444/406/327
f 379/452/319 444/406/327 445/408/327
f 380/453/319 445/408/327 446/410/327
f 381/454/319 446/410/327 447/412/327
f 382/455/319 447/412/327 448/381/327
f 251/456/342 408/457/306 443/387/318
f 408/457/306 407/458/306 442/389/318
f 407/458/306 406/459/306 441/391/318
f 406/459/306 405/460/306 440/393/318
f 405/460/306 404/369/306 439/371/318
f 273/415/336 429/414/314 438/397/316
f 429/414/314 430/417/314 437/399/316
f 430/417/314 431/419/314 436/401/316
f 431/419/314 432/421/314 435/403/316
f 432/421/314 433/366/314 434/368/316
f 261/461/343 263/423/337 419/425/325
f 428/405/311 419/425/325 420/427/325
f 427/407/311 420/427/325 421/429/325
f 426/409/311 421/429/325 422/431/325
f 425/411/311 422/431/325 423/379/325
f 277/442/339 409/441/308 418/416/310
f 409/441/308 410/443/308 417/418/310
f 410/443/308 411/444/308 416/420/310
f 411/444/308 412/445/308 415/422/310
f 412/445/308 413/360/308 414/362/310
f 251/462/342 253/432/338 399/434/324
f 408/463/306 399/434/324 400/436/324
f 407/464/306 400/436/324 401/438/324
f 406/465/306 401/438/324 402/440/324
f 405/466/306 402/440/324 403/378/324
f 265/467/344 267/447/340 389/446/304
f 398/424/303 389/446/304 390/448/304
f 397/426/303 390/448/304 391/449/304
f 396/428/303 391/449/304 392/450/304
f 395/430/303 392/450/304 393/375/304
f 255/468/345 257/451/341 379/452/319
f 388/433/299 379/452/319 380/453/319
f 387/435/299 380/453/319 381/454/319
f 386/437/299 381/454/319 382/455/319
f 385/439/299 382/455/319 383/372/319
f 281/384/330 378/470/298 299/469/268
f 378/470/298 377/472/298 300/471/268
f 377/472/298 376/474/298 301/473/268
f 376/474/298 375/476/298 302/475/268
f 375/476/298 374/345/298 303/347/268
f 279/386/331 373/477/295 378/470/298
f 373/477/295 372/478/295 377/472/298
f 372/478/295 371/479/295 376/474/298
f 371/479/295 370/480/295 375/476/298
f 370/480/295 369/340/295 374/345/298
f 277/442/339 368/481/293 373/477/295
f 368/481/293 367/482/293 372/478/295
f 367/482/293 366/483/293 371/479/295
f 366/483/293 365/484/293 370/480/295
f 365/484/293 364/338/293 369/340/295
f 275/413/335 363/485/291 368/481/293
f 363/485/291 362/486/291 367/482/293
f 362/486/291 361/487/291 366/483/293
f 361/487/291 360/488/291 365/484/293
f 360/488/291 359/336/291 364/338/293
f 273/415/336 358/489/289 363/485/291
f 358/489/289 357/490/289 362/486/291
f 357/490/289 356/491/289 361/487/291
f 356/491/289 355/492/289 360/488/291
f 355/492/289 354/334/289 359/336/291
f 271/394/332 353/493/287 358/489/289
f 353/493/287 352/494/287 357/490/289
f 352/494/287 351/495/287 356/491/289
f 351/495/287 350/496/287 355/492/289
f 350/496/287 349/332/287 354/334/289
f 269/396/333 348/497/285 353/493/287
f 348/497/285 347/498/285 352/494/287
f 347/498/285 346/499/285 351/495/287
f 346/499/285 345/500/285 350/496/287
f 345/500/285 344/330/285 349/332/287
f 267/447/340 343/501/283 348/497/285
f 343/501/283 342/502/283 347/498/285
f 342/502/283 341/503/283 346/499/285
f 341/503/283 340/504/283 345/500/285
f 340/504/283 339/328/283 344/330/285
f 338/505/281 343/501/283 267/447/340
f 337/506/281 342/502/283 343/501/283
f 336/507/281 341/503/283 342/502/283
f 335/508/281 340/504/283 341/503/283
f 334/326/281 339/328/283 340/504/283
f 333/509/279 338/505/281 265/467/344
f 332/510/279 337/506/281 338/505/281
f 331/511/279 336/507/281 337/506/281
f 330/512/279 335/508/281 336/507/281
f 329/324/279 334/326/281 335/508/281
f 328/513/277 333/509/279 263/423/337
f 327/514/277 332/510/279 333/509/279
f 326/515/277 331/511/279 332/510/279
f 325/516/277 330/512/279 331/511/279
f 324/322/277 329/324/279 330/512/279
f 323/517/275 328/513/277 261/461/343
f 322/518/275 327/514/277 328/513/277
f 321/519/275 326/515/277 327/514/277
f 320/520/275 325/516/277 326/515/277
f 319/320/275 324/322/277 325/516/277
f 318/521/273 323/517/275 259/404/334
f 317/522/273 322/518/275 323/517/275
f 316/523/273 321/519/275 322/518/275
f 315/524/273 320/520/275 321/519/275
f 314/318/273 319/320/275 320/520/275
f 313/525/271 318/521/273 257/451/341
f 312/526/271 317/522/273 318/521/273
f 311/527/271 316/523/273 317/522/273
f 310/528/271 315/524/273 316/523/273
f 309/316/271 314/318/273 315/524/273
f 308/529/269 313/525/271 255/468/345
f 307/530/269 312/526/271 313/525/271
f 306/531/269 311/527/271 312/526/271
f 305/532/269 310/528/271 311/527/271
f 304/313/269 309/316/271 310/528/271
f 299/533/268 308/529/269 253/432/338
f 300/534/268 307/530/269 308/529/269
f 301/535/268 306/531/269 307/530/269
f 302/536/268 305/532/269 306/531/269
f 303/314/268 304/313/269 305/532/269
f 460/537/346 462/1242/347 512/538/347
f 512/538/347 462/1242/347 464/540/348
f 517/541/348 464/540/348 466/542/349
f 466/542/349 468/545/350 527/544/350
f 468/545/350 470/1243/351 532/546/351
f 532/546/351 470/1243/351 472/547/352
f 472/547/352 474/1244/353 542/549/353
f 542/549/353 474/1244/353 476/550/354
f 476/550/354 478/1245/355 552/552/355
f 552/552/355 478/1245/355 480/553/356
f 480/553/356 482/1246/357 562/555/357
f 562/555/357 482/1246/357 484/556/358
f 484/556/358 486/559/359 572/558/359
f 486/559/359 488/564/360 577/560/360
f 464/563/361 462/1247/361 460/1248/361
f 460/1248/361 490/1249/361 488/1250/361
f 488/1250/361 486/1251/361 484/1252/361
f 484/1252/361 482/1253/361 480/561/361
f 480/561/361 478/1254/361 472/562/361
f 478/1254/361 476/1255/361 472/562/361
f 476/1255/361 474/1256/361 472/562/361
f 472/562/361 470/1257/361 468/1258/361
f 468/1258/361 466/1259/361 472/562/361
f 466/1259/361 464/563/361 472/562/361
f 464/563/361 460/1248/361 480/561/361
f 460/1248/361 488/1250/361 480/561/361
f 488/1250/361 484/1252/361 480/561/361
f 488/564/360 490/1260/362 582/565/362
f 582/565/362 490/1260/362 460/566/346
f 592/568/363 591/593/364 494/569/364
f 506/571/365 491/1261/365 494/572/365
f 491/1261/365 492/1262/365 494/572/365
f 492/1262/365 493/1263/365 494/572/365
f 494/572/365 495/1264/365 498/573/365
f 495/1264/365 496/1265/365 498/573/365
f 496/1265/365 497/1266/365 498/573/365
f 498/573/365 499/1267/365 500/1268/365
f 500/1268/365 501/1269/365 502/1270/365
f 502/1270/365 503/1271/365 504/1272/365
f 504/1272/365 505/1273/365 506/571/365
f 498/573/365 500/1268/365 502/1270/365
f 502/1270/365 504/1272/365 498/573/365
f 504/1272/365 506/571/365 498/573/365
f 601/574/366 499/595/366 498/575/367
f 611/577/368 492/598/368 491/578/369
f 622/580/370 621/596/371 504/581/371
f 632/583/372 631/599/381 497/584/373
f 642/586/374 641/600/375 502/587/375
f 647/589/377 612/1274/369 491/590/369
f 656/592/378 495/601/378 494/569/364
f 661/594/379 500/602/379 499/595/366
f 621/596/371 666/603/380 505/597/380
f 611/577/368 592/568/363 493/570/363
f 602/576/367 498/575/367 497/584/373
f 622/580/370 503/582/370 502/587/375
f 656/592/378 632/583/372 496/585/372
f 661/594/379 642/586/374 501/588/376
f 647/589/377 506/591/377 505/597/380
f 489/604/382 651/673/377 662/605/380
f 662/605/380 651/673/377 650/607/377
f 663/608/380 650/607/377 649/609/377
f 664/610/380 649/609/377 648/611/377
f 665/612/380 648/611/377 647/589/377
f 479/613/384 646/677/376 657/614/379
f 657/614/379 646/677/376 645/616/376
f 658/617/379 645/616/376 644/618/374
f 644/618/374 643/621/376 660/620/379
f 643/621/376 642/586/374 661/594/379
f 467/622/386 469/678/395 636/623/372
f 636/623/372 635/626/372 653/625/378
f 635/626/372 634/628/372 654/627/378
f 634/628/372 633/630/372 655/629/378
f 633/630/372 632/583/372 656/592/378
f 481/631/387 483/679/396 626/632/370
f 637/633/375 626/632/370 625/634/370
f 625/634/370 624/680/370 639/636/375
f 639/636/375 624/680/370 623/637/370
f 640/638/375 623/637/370 622/580/370
f 473/639/388 606/642/367 627/640/381
f 606/642/367 605/644/367 628/643/381
f 605/644/367 604/646/367 629/645/373
f 604/646/367 603/648/367 630/647/373
f 603/648/367 602/576/367 631/599/381
f 461/649/390 463/686/397 596/650/363
f 596/650/363 595/653/363 608/652/368
f 595/653/363 594/687/363 609/654/368
f 609/654/368 594/687/363 593/655/363
f 610/656/368 593/655/363 592/568/363
f 485/657/391 487/606/383 662/605/380
f 662/605/380 663/608/380 618/659/371
f 663/608/380 664/610/380 619/660/371
f 664/610/380 665/612/380 620/661/371
f 665/612/380 666/603/380 621/596/371
f 477/615/385 657/614/379 597/662/366
f 597/662/366 657/614/379 658/617/379
f 658/617/379 659/619/379 599/665/366
f 659/619/379 660/620/379 600/666/366
f 600/666/366 660/620/379 661/594/379
f 465/667/393 467/622/386 652/624/378
f 587/668/364 652/624/378 653/625/378
f 588/669/364 653/625/378 654/627/378
f 589/670/364 654/627/378 655/629/378
f 590/671/364 655/629/378 656/592/378
f 459/672/394 616/1275/369 651/673/377
f 651/673/377 616/1275/369 615/674/369
f 615/674/369 614/675/369 649/609/377
f 614/675/369 613/676/369 648/611/377
f 613/676/369 612/1274/369 647/589/377
f 481/631/387 637/633/375 646/677/376
f 637/633/375 638/635/375 645/616/376
f 638/635/375 639/636/375 644/618/374
f 644/618/374 639/636/375 640/638/375
f 643/621/376 640/638/375 641/600/375
f 469/678/395 471/641/389 627/640/381
f 627/640/381 628/643/381 635/626/372
f 635/626/372 628/643/381 629/645/373
f 629/645/373 630/647/373 633/630/372
f 633/630/372 630/647/373 631/599/381
f 483/679/396 485/657/391 617/658/371
f 626/632/370 617/658/371 618/659/371
f 625/634/370 618/659/371 619/660/371
f 624/680/370 619/660/371 620/661/371
f 620/661/371 621/596/371 622/580/370
f 461/649/390 607/651/368 616/681/369
f 607/651/368 608/652/368 615/683/369
f 608/652/368 609/654/368 614/684/369
f 609/654/368 610/656/368 613/685/369
f 610/656/368 611/577/368 612/579/369
f 473/639/388 475/663/392 597/662/366
f 597/662/366 598/664/366 605/644/367
f 598/664/366 599/665/366 604/646/367
f 599/665/366 600/666/366 603/648/367
f 600/666/366 601/574/366 602/576/367
f 463/686/397 465/667/393 587/668/364
f 596/650/363 587/668/364 588/669/364
f 595/653/363 588/669/364 589/670/364
f 594/687/363 589/670/364 590/671/364
f 593/655/363 590/671/364 591/593/364
f 489/604/382 586/689/362 507/688/346
f 586/689/362 585/692/362 508/690/346
f 584/691/362 509/694/346 508/690/346
f 583/693/362 510/695/346 509/694/346
f 583/693/362 582/565/362 511/567/346
f 581/696/360 586/689/362 489/604/382
f 581/696/360 580/697/360 585/692/362
f 580/697/360 579/698/360 584/691/362
f 579/698/360 578/699/360 583/693/362
f 578/699/360 577/560/360 582/565/362
f 576/700/359 581/696/360 487/606/383
f 575/701/359 580/697/360 581/696/360
f 575/701/359 574/703/359 579/698/360
f 573/702/359 578/699/360 579/698/360
f 572/558/359 577/560/360 578/699/360
f 571/704/358 576/700/359 485/657/391
f 570/705/358 575/701/359 576/700/359
f 569/706/358 574/703/359 575/701/359
f 568/707/358 573/702/359 574/703/359
f 568/707/358 567/557/358 572/558/359
f 481/631/387 566/708/357 571/704/358
f 566/708/357 565/709/357 570/705/358
f 565/709/357 564/710/357 569/706/358
f 564/710/357 563/711/357 568/707/358
f 563/711/357 562/555/357 567/557/358
f 561/712/356 566/708/357 481/631/387
f 561/712/356 560/713/356 565/709/357
f 560/713/356 559/714/356 564/710/357
f 559/714/356 558/715/356 563/711/357
f 558/715/356 557/554/356 562/555/357
f 477/615/385 556/717/355 561/712/356
f 555/716/355 560/713/356 561/712/356
f 554/718/355 559/714/356 560/713/356
f 553/719/355 558/715/356 559/714/356
f 553/719/355 552/552/355 557/554/356
f 475/663/392 551/721/354 556/717/355
f 550/720/354 555/716/355 556/717/355
f 549/722/354 554/718/355 555/716/355
f 549/722/354 548/723/354 553/719/355
f 547/551/354 552/552/355 553/719/355
f 473/639/388 546/725/353 551/721/354
f 545/724/353 550/720/354 551/721/354
f 545/724/353 544/726/353 549/722/354
f 544/726/353 543/727/353 548/723/354
f 542/549/353 547/551/354 548/723/354
f 541/728/352 546/725/353 473/639/388
f 541/728/352 540/729/352 545/724/353
f 540/729/352 539/730/352 544/726/353
f 539/730/352 538/731/352 543/727/353
f 537/548/352 542/549/353 543/727/353
f 536/732/351 541/728/352 471/641/389
f 535/733/351 540/729/352 541/728/352
f 534/734/351 539/730/352 540/729/352
f 533/735/351 538/731/352 539/730/352
f 533/735/351 532/546/351 537/548/352
f 531/736/350 536/732/351 469/678/395
f 530/737/350 535/733/351 536/732/351
f 529/738/350 534/734/351 535/733/351
f 528/739/350 533/735/351 534/734/351
f 527/544/350 532/546/351 533/735/351
f 526/740/349 531/736/350 467/622/386
f 526/740/349 525/741/349 530/737/350
f 525/741/349 524/743/349 529/738/350
f 523/742/349 528/739/350 529/738/350
f 523/742/349 522/543/349 527/544/350
f 463/686/397 521/744/348 526/740/349
f 521/744/348 520/746/348 525/741/349
f 519/745/348 524/743/349 525/741/349
f 519/745/348 518/747/348 523/742/349
f 517/541/348 522/543/349 523/742/349
f 461/649/390 516/749/347 521/744/348
f 515/748/347 520/746/348 521/744/348
f 514/750/347 519/745/348 520/746/348
f 513/751/347 518/747/348 519/745/348
f 512/538/347 517/541/348 518/747/348
f 507/752/346 516/749/347 461/649/390
f 507/752/346 508/753/346 515/748/347
f 508/753/346 509/755/346 514/750/347
f 510/754/346 513/751/347 514/750/347
f 511/539/346 512/538/347 513/751/347
f 668/756/398 670/759/400 720/757/399
f 670/759/400 672/761/402 725/760/401
f 672/761/402 674/763/404 730/762/403
f 674/763/404 676/765/406 735/764/405
f 676/765/406 678/767/408 740/766/407
f 678/767/408 680/769/410 745/768/409
f 680/769/410 682/771/412 750/770/411
f 682/771/412 684/1276/413 755/772/413
f 755/772/413 684/1276/413 686/773/414
f 760/774/415 686/773/414 688/775/416
f 765/776/417 688/775/416 690/777/418
f 770/778/419 690/777/418 692/779/420
f 775/780/421 692/779/420 694/781/422
f 780/782/423 694/781/422 696/783/424
f 672/1277/426 670/1278/426 696/1279/426
f 670/1278/426 668/1280/426 696/1279/426
f 668/1280/426 698/1281/426 696/1279/426
f 696/1279/426 694/1282/426 672/1277/426
f 694/1282/426 692/787/426 674/786/426
f 672/1277/426 694/1282/426 674/786/426
f 692/787/426 690/1283/426 676/785/426
f 690/1283/426 688/1284/426 678/1285/426
f 676/785/426 690/1283/426 678/1285/426
f 688/1284/426 686/1286/426 680/1287/426
f 686/1286/426 684/1288/426 680/1287/426
f 684/1288/426 682/1289/426 680/1287/426
f 680/1287/426 678/1285/426 688/1284/426
f 785/784/425 696/783/424 698/788/427
f 790/789/428 698/788/427 668/790/398
f 800/792/429 799/816/449 702/793/430
f 714/796/432 699/1290/432 700/1291/432
f 700/1291/432 701/1292/432 714/796/432
f 701/1292/432 702/797/432 714/796/432
f 702/797/432 703/1293/432 711/1294/432
f 703/1293/432 704/1295/432 710/1296/432
f 704/1295/432 705/1297/432 710/1296/432
f 705/1297/432 706/1298/432 710/1296/432
f 706/1298/432 707/1299/432 708/1300/432
f 708/1300/432 709/1301/432 706/1298/432
f 709/1301/432 710/1296/432 706/1298/432
f 710/1296/432 711/1294/432 703/1293/432
f 711/1294/432 712/1302/432 702/797/432
f 712/1302/432 713/795/432 702/797/432
f 810/798/433 809/819/434 707/799/434
f 820/801/436 819/822/454 700/802/437
f 829/804/438 712/821/453 711/805/439
f 840/807/441 839/823/455 705/808/442
f 849/810/444 710/824/456 709/811/445
f 820/813/436 699/1303/436 714/814/447
f 799/816/449 864/825/457 703/817/450
f 869/818/451 708/826/458 707/799/434
f 874/820/452 713/827/459 712/821/453
f 819/822/454 800/792/429 701/794/431
f 839/823/455 810/798/433 706/800/435
f 830/806/440 711/805/439 710/824/456
f 864/825/457 840/807/441 704/809/443
f 850/812/446 709/811/445 708/826/458
f 855/815/448 714/814/447 713/827/459
f 697/828/460 859/831/448 870/829/452
f 859/831/448 858/833/448 871/832/452
f 858/833/448 857/835/448 872/834/452
f 857/835/448 856/837/448 873/836/452
f 856/837/448 855/815/448 874/820/452
f 687/838/462 854/841/446 865/839/451
f 854/841/446 853/843/446 866/842/451
f 853/843/446 852/845/446 867/844/451
f 852/845/446 851/847/446 868/846/451
f 851/847/446 850/812/446 869/818/451
f 675/848/464 677/905/473 844/849/441
f 860/850/457 844/849/441 843/851/441
f 861/852/457 843/851/441 842/853/441
f 862/854/457 842/853/441 841/855/441
f 863/856/457 841/855/441 840/807/441
f 691/857/465 834/860/440 845/858/444
f 834/860/440 833/862/440 846/861/444
f 833/862/440 832/864/440 847/863/444
f 832/864/440 831/866/440 848/865/444
f 831/866/440 830/806/440 849/810/444
f 679/867/467 681/911/474 814/868/433
f 835/869/455 814/868/433 813/870/433
f 836/871/455 813/870/433 812/872/433
f 837/873/455 812/872/433 811/874/433
f 838/875/455 811/874/433 810/798/433
f 669/876/468 671/912/475 804/877/429
f 815/878/454 804/877/429 803/879/429
f 816/880/454 803/879/429 802/881/429
f 817/882/454 802/881/429 801/883/429
f 818/884/454 801/883/429 800/792/429
f 695/830/461 870/829/452 825/885/438
f 870/829/452 871/832/452 826/887/438
f 871/832/452 872/834/452 827/888/438
f 872/834/452 873/836/452 828/889/438
f 873/836/452 874/820/452 829/804/438
f 685/840/463 865/839/451 805/890/434
f 865/839/451 866/842/451 806/892/434
f 866/842/451 867/844/451 807/893/434
f 867/844/451 868/846/451 808/894/434
f 868/846/451 869/818/451 809/819/434
f 673/895/471 675/848/464 860/850/457
f 795/896/449 860/850/457 861/852/457
f 796/897/449 861/852/457 862/854/457
f 797/898/449 862/854/457 863/856/457
f 798/899/449 863/856/457 864/825/457
f 667/900/472 824/901/436 859/831/448
f 824/901/436 823/902/436 858/833/448
f 823/902/436 822/903/436 857/835/448
f 822/903/436 821/904/436 856/837/448
f 821/904/436 820/813/436 855/815/448
f 689/859/466 845/858/444 854/841/446
f 845/858/444 846/861/444 853/843/446
f 846/861/444 847/863/444 852/845/446
f 847/863/444 848/865/444 851/847/446
f 848/865/444 849/810/444 850/812/446
f 677/905/473 679/867/467 835/869/455
f 844/849/441 835/869/455 836/871/455
f 843/851/441 836/871/455 837/873/455
f 842/853/441 837/873/455 838/875/455
f 841/855/441 838/875/455 839/823/455
f 693/886/469 825/885/438 834/860/440
f 825/885/438 826/887/438 833/862/440
f 826/887/438 827/888/438 832/864/440
f 827/888/438 828/889/438 831/866/440
f 828/889/438 829/804/438 830/806/440
f 667/906/472 669/876/468 815/878/454
f 824/907/436 815/878/454 816/880/454
f 823/908/436 816/880/454 817/882/454
f 822/909/436 817/882/454 818/884/454
f 821/910/436 818/884/454 819/822/454
f 681/911/474 683/891/470 805/890/434
f 814/868/433 805/890/434 806/892/434
f 813/870/433 806/892/434 807/893/434
f 812/872/433 807/893/434 808/894/434
f 811/874/433 808/894/434 809/819/434
f 671/912/475 673/895/471 795/896/449
f 804/877/429 795/896/449 796/897/449
f 803/879/429 796/897/449 797/898/449
f 802/881/429 797/898/449 798/899/449
f 801/883/429 798/899/449 799/816/449
f 697/828/460 794/914/428 715/913/398
f 794/914/428 793/916/428 716/915/398
f 793/916/428 792/918/428 717/917/398
f 792/918/428 791/920/428 718/919/398
f 791/920/428 790/789/428 719/791/398
f 695/830/461 789/921/425 794/914/428
f 789/921/425 788/922/425 793/916/428
f 788/922/425 787/923/425 792/918/428
f 787/923/425 786/924/425 791/920/428
f 786/924/425 785/784/425 790/789/428
f 693/886/469 784/925/423 789/921/425
f 784/925/423 783/926/423 788/922/425
f 783/926/423 782/927/423 787/923/425
f 782/927/423 781/928/423 786/924/425
f 781/928/423 780/782/423 785/784/425
f 691/857/465 779/929/421 784/925/423
f 779/929/421 778/930/421 783/926/423
f 778/930/421 777/931/421 782/927/423
f 777/931/421 776/932/421 781/928/423
f 776/932/421 775/780/421 780/782/423
f 689/859/466 774/933/419 779/929/421
f 774/933/419 773/934/419 778/930/421
f 773/934/419 772/935/419 777/931/421
f 772/935/419 771/936/419 776/932/421
f 771/936/419 770/778/419 775/780/421
f 687/838/462 769/937/417 774/933/419
f 769/937/417 768/938/417 773/934/419
f 768/938/417 767/939/417 772/935/419
f 767/939/417 766/940/417 771/936/419
f 766/940/417 765/776/417 770/778/419
f 685/840/463 764/941/415 769/937/417
f 764/941/415 763/942/415 768/938/417
f 763/942/415 762/943/415 767/939/417
f 762/943/415 761/944/415 766/940/417
f 761/944/415 760/774/415 765/776/417
f 683/891/470 759/945/413 764/941/415
f 759/945/413 758/946/413 763/942/415
f 758/946/413 757/947/413 762/943/415
f 757/947/413 756/948/413 761/944/415
f 756/948/413 755/772/413 760/774/415
f 754/949/411 759/945/413 683/891/470
f 753/950/411 758/946/413 759/945/413
f 752/951/411 757/947/413 758/946/413
f 751/952/411 756/948/413 757/947/413
f 750/770/411 755/772/413 756/948/413
f 749/953/409 754/949/411 681/911/474
f 748/954/409 753/950/411 754/949/411
f 747/955/409 752/951/411 753/950/411
f 746/956/409 751/952/411 752/951/411
f 745/768/409 750/770/411 751/952/411
f 744/957/407 749/953/409 679/867/467
f 743/958/407 748/954/409 749/953/409
f 742/959/407 747/955/409 748/954/409
f 741/960/407 746/956/409 747/955/409
f 740/766/407 745/768/409 746/956/409
f 739/961/405 744/957/407 677/905/473
f 738/962/405 743/958/407 744/957/407
f 737/963/405 742/959/407 743/958/407
f 736/964/405 741/960/407 742/959/407
f 735/764/405 740/766/407 741/960/407
f 734/965/403 739/961/405 675/848/464
f 733/966/403 738/962/405 739/961/405
f 732/967/403 737/963/405 738/962/405
f 731/968/403 736/964/405 737/963/405
f 730/762/403 735/764/405 736/964/405
f 729/969/401 734/965/403 673/895/471
f 728/970/401 733/966/403 734/965/403
f 727/971/401 732/967/403 733/966/403
f 726/972/401 731/968/403 732/967/403
f 725/760/401 730/762/403 731/968/403
f 724/973/399 729/969/401 671/912/475
f 723/974/399 728/970/401 729/969/401
f 722/975/399 727/971/401 728/970/401
f 721/976/399 726/972/401 727/971/401
f 720/757/399 725/760/401 726/972/401
f 715/977/398 724/973/399 669/876/468
f 716/978/398 723/974/399 724/973/399
f 717/979/398 722/975/399 723/974/399
f 718/980/398 721/976/399 722/975/399
f 719/758/398 720/757/399 721/976/399
f 876/981/476 878/984/477 928/982/477
f 878/984/477 880/1304/478 933/985/478
f 933/985/478 880/1304/478 882/986/479
f 938/987/479 882/986/479 884/988/480
f 884/988/480 886/1305/481 948/990/481
f 948/990/481 886/1305/481 888/991/482
f 888/991/482 890/1306/483 958/993/483
f 958/993/483 890/1306/483 892/994/484
f 892/994/484 894/1307/485 968/996/485
f 968/996/485 894/1307/485 896/997/486
f 896/997/486 898/1308/487 978/999/487
f 978/999/487 898/1308/487 900/1000/488
f 983/1001/488 900/1000/488 902/1002/489
f 902/1002/489 904/1008/490 993/1004/490
f 880/1007/491 878/1309/491 876/1310/491
f 876/1310/491 906/1311/491 904/1312/491
f 904/1312/491 902/1313/491 896/1005/491
f 902/1313/491 900/1314/491 896/1005/491
f 900/1314/491 898/1315/491 896/1005/491
f 896/1005/491 894/1316/491 892/1317/491
f 892/1317/491 890/1318/491 888/1006/491
f 888/1006/491 886/1319/491 884/1320/491
f 884/1320/491 882/1321/491 888/1006/491
f 882/1321/491 880/1007/491 888/1006/491
f 880/1007/491 876/1310/491 896/1005/491
f 876/1310/491 904/1312/491 896/1005/491
f 896/1005/491 892/1317/491 888/1006/491
f 904/1008/490 906/1322/492 998/1009/492
f 998/1009/492 906/1322/492 876/1010/476
f 1008/1012/493 1007/1037/494 910/1013/494
f 922/1015/495 907/1323/495 910/1016/495
f 907/1323/495 908/1324/495 910/1016/495
f 908/1324/495 909/1325/495 910/1016/495
f 910/1016/495 911/1326/495 914/1017/495
f 911/1326/495 912/1327/495 914/1017/495
f 912/1327/495 913/1328/495 914/1017/495
f 914/1017/495 915/1329/495 916/1330/495
f 916/1330/495 917/1331/495 918/1332/495
f 918/1332/495 919/1333/495 920/1334/495
f 920/1334/495 921/1335/495 922/1015/495
f 914/1017/495 916/1330/495 918/1332/495
f 918/1332/495 920/1334/495 914/1017/495
f 920/1334/495 922/1015/495 914/1017/495
f 1018/1018/496 1017/1039/497 915/1019/497
f 1027/1021/498 908/1042/498 907/1022/499
f 1038/1024/500 1037/1041/501 920/1025/501
f 1047/1027/502 913/1043/510 912/1028/503
f 1057/1030/504 918/1044/504 917/1031/505
f 1063/1033/506 1028/1336/499 907/1034/499
f 1072/1036/507 911/1045/507 910/1013/494
f 1077/1038/508 916/1046/508 915/1019/497
f 1082/1040/509 921/1047/509 920/1025/501
f 1027/1021/498 1008/1012/493 909/1014/493
f 1047/1027/502 1018/1018/496 914/1020/496
f 1057/1030/504 1038/1024/500 919/1026/500
f 1048/1029/503 912/1028/503 911/1045/507
f 1077/1038/508 1058/1032/505 917/1031/505
f 1063/1033/506 922/1035/506 921/1047/509
f 905/1048/511 1067/1118/506 1078/1049/509
f 1078/1049/509 1067/1118/506 1066/1051/506
f 1079/1052/509 1066/1051/506 1065/1053/506
f 1080/1054/509 1065/1053/506 1064/1055/506
f 1081/1056/509 1064/1055/506 1063/1033/506
f 895/1057/513 1062/1060/515 1073/1058/508
f 1062/1060/515 1061/1062/505 1074/1061/508
f 1061/1062/505 1060/1064/515 1075/1063/508
f 1060/1064/515 1059/1122/505 1076/1065/508
f 1076/1065/508 1059/1122/505 1058/1032/505
f 885/1066/516 1052/1123/503 1068/1067/507
f 1068/1067/507 1052/1123/503 1051/1069/503
f 1069/1070/507 1051/1069/503 1050/1071/503
f 1070/1072/507 1050/1071/503 1049/1073/503
f 1049/1073/503 1048/1029/503 1072/1036/507
f 899/1075/518 1042/1078/500 1053/1076/504
f 1042/1078/500 1041/1080/500 1054/1079/504
f 1041/1080/500 1040/1082/500 1055/1081/504
f 1040/1082/500 1039/1124/500 1056/1083/504
f 1056/1083/504 1039/1124/500 1038/1024/500
f 887/1084/520 889/1130/526 1022/1085/496
f 1043/1086/510 1022/1085/496 1021/1087/496
f 1044/1088/502 1021/1087/496 1020/1089/496
f 1020/1089/496 1019/1092/496 1046/1091/510
f 1019/1092/496 1018/1018/496 1047/1027/502
f 877/1093/521 879/1131/527 1012/1094/493
f 1023/1095/498 1012/1094/493 1011/1096/493
f 1024/1097/498 1011/1096/493 1010/1098/493
f 1025/1099/498 1010/1098/493 1009/1100/493
f 1009/1100/493 1008/1012/493 1027/1021/498
f 901/1102/522 903/1050/512 1078/1049/509
f 1078/1049/509 1079/1052/509 1034/1104/501
f 1079/1052/509 1080/1054/509 1035/1105/501
f 1080/1054/509 1081/1056/509 1036/1106/501
f 1081/1056/509 1082/1040/509 1037/1041/501
f 893/1059/514 1073/1058/508 1013/1107/497
f 1013/1107/497 1073/1058/508 1074/1061/508
f 1014/1109/497 1074/1061/508 1075/1063/508
f 1015/1110/497 1075/1063/508 1076/1065/508
f 1016/1111/497 1076/1065/508 1077/1038/508
f 883/1068/517 1068/1067/507 1003/1112/494
f 1003/1112/494 1068/1067/507 1069/1070/507
f 1004/1114/494 1069/1070/507 1070/1072/507
f 1005/1115/494 1070/1072/507 1071/1074/507
f 1006/1116/494 1071/1074/507 1072/1036/507
f 905/1048/511 875/1133/525 1032/1117/499
f 1067/1118/506 1032/1117/499 1031/1119/499
f 1031/1119/499 1030/1120/499 1065/1053/506
f 1030/1120/499 1029/1121/499 1064/1055/506
f 1029/1121/499 1028/1336/499 1063/1033/506
f 895/1057/513 897/1077/519 1053/1076/504
f 1062/1060/515 1053/1076/504 1054/1079/504
f 1061/1062/505 1054/1079/504 1055/1081/504
f 1060/1064/515 1055/1081/504 1056/1083/504
f 1059/1122/505 1056/1083/504 1057/1030/504
f 887/1084/520 1043/1086/510 1052/1123/503
f 1043/1086/510 1044/1088/502 1051/1069/503
f 1044/1088/502 1045/1090/502 1050/1071/503
f 1045/1090/502 1046/1091/510 1049/1073/503
f 1046/1091/510 1047/1027/502 1048/1029/503
f 899/1075/518 901/1102/522 1033/1103/501
f 1042/1078/500 1033/1103/501 1034/1104/501
f 1041/1080/500 1034/1104/501 1035/1105/501
f 1035/1105/501 1036/1106/501 1039/1124/500
f 1036/1106/501 1037/1041/501 1038/1024/500
f 877/1093/521 1023/1095/498 1032/1125/499
f 1032/1125/499 1023/1095/498 1024/1097/498
f 1031/1127/499 1024/1097/498 1025/1099/498
f 1030/1128/499 1025/1099/498 1026/1101/498
f 1026/1101/498 1027/1021/498 1028/1023/499
f 891/1108/523 1013/1107/497 1022/1085/496
f 1013/1107/497 1014/1109/497 1021/1087/496
f 1014/1109/497 1015/1110/497 1020/1089/496
f 1020/1089/496 1015/1110/497 1016/1111/497
f 1016/1111/497 1017/1039/497 1018/1018/496
f 879/1131/527 881/1113/524 1003/1112/494
f 1012/1094/493 1003/1112/494 1004/1114/494
f 1004/1114/494 1005/1115/494 1010/1098/493
f 1005/1115/494 1006/1116/494 1009/1100/493
f 1006/1116/494 1007/1037/494 1008/1012/493
f 1002/1132/492 923/1135/476 875/1133/525
f 1002/1132/492 1001/1137/492 924/1134/476
f 1000/1136/492 925/1139/476 924/1134/476
f 999/1138/492 926/1140/476 925/1139/476
f 998/1009/492 927/1011/476 926/1140/476
f 903/1050/512 997/1142/490 1002/1132/492
f 996/1141/490 1001/1137/492 1002/1132/492
f 996/1141/490 995/1144/490 1000/1136/492
f 994/1143/490 999/1138/492 1000/1136/492
f 993/1004/490 998/1009/492 999/1138/492
f 901/1102/522 992/1145/489 997/1142/490
f 992/1145/489 991/1146/489 996/1141/490
f 991/1146/489 990/1148/489 995/1144/490
f 989/1147/489 994/1143/490 995/1144/490
f 988/1003/489 993/1004/490 994/1143/490
f 987/1149/488 992/1145/489 901/1102/522
f 986/1150/488 991/1146/489 992/1145/489
f 985/1151/488 990/1148/489 991/1146/489
f 984/1152/488 989/1147/489 990/1148/489
f 984/1152/488 983/1001/488 988/1003/489
f 897/1077/519 982/1153/487 987/1149/488
f 982/1153/487 981/1155/487 986/1150/488
f 980/1154/487 985/1151/488 986/1150/488
f 980/1154/487 979/1156/487 984/1152/488
f 978/999/487 983/1001/488 984/1152/488
f 977/1157/486 982/1153/487 897/1077/519
f 977/1157/486 976/1158/486 981/1155/487
f 976/1158/486 975/1160/486 980/1154/487
f 974/1159/486 979/1156/487 980/1154/487
f 973/998/486 978/999/487 979/1156/487
f 972/1161/485 977/1157/486 895/1057/513
f 971/1162/485 976/1158/486 977/1157/486
f 970/1163/485 975/1160/486 976/1158/486
f 970/1163/485 969/1164/485 974/1159/486
f 968/996/485 973/998/486 974/1159/486
f 891/1108/523 967/1165/484 972/1161/485
f 967/1165/484 966/1166/484 971/1162/485
f 966/1166/484 965/1167/484 970/1163/485
f 965/1167/484 964/1168/484 969/1164/485
f 963/995/484 968/996/485 969/1164/485
f 889/1130/526 962/1169/483 967/1165/484
f 962/1169/483 961/1171/483 966/1166/484
f 960/1170/483 965/1167/484 966/1166/484
f 959/1172/483 964/1168/484 965/1167/484
f 958/993/483 963/995/484 964/1168/484
f 957/1173/482 962/1169/483 889/1130/526
f 957/1173/482 956/1175/482 961/1171/483
f 955/1174/482 960/1170/483 961/1171/483
f 954/1176/482 959/1172/483 960/1170/483
f 954/1176/482 953/992/482 958/993/483
f 952/1177/481 957/1173/482 887/1084/520
f 951/1178/481 956/1175/482 957/1173/482
f 950/1179/481 955/1174/482 956/1175/482
f 950/1179/481 949/1180/481 954/1176/482
f 949/1180/481 948/990/481 953/992/482
f 947/1181/480 952/1177/481 885/1066/516
f 946/1182/480 951/1178/481 952/1177/481
f 945/1183/480 950/1179/481 951/1178/481
f 944/1184/480 949/1180/481 950/1179/481
f 943/989/480 948/990/481 949/1180/481
f 881/1113/524 942/1185/479 947/1181/480
f 942/1185/479 941/1186/479 946/1182/480
f 941/1186/479 940/1187/479 945/1183/480
f 940/1187/479 939/1188/479 944/1184/480
f 938/987/479 943/989/480 944/1184/480
f 937/1189/478 942/1185/479 881/1113/524
f 937/1189/478 936/1191/478 941/1186/479
f 935/1190/478 940/1187/479 941/1186/479
f 935/1190/478 934/1192/478 939/1188/479
f 933/985/478 938/987/479 939/1188/479
f 932/1193/477 937/1189/478 879/1131/527
f 931/1194/477 936/1191/478 937/1189/478
f 930/1195/477 935/1190/478 936/1191/478
f 930/1195/477 929/1196/477 934/1192/478
f 929/1196/477 928/982/477 933/985/478
f 923/1197/476 932/1193/477 877/1093/521
f 923/1197/476 924/1198/476 931/1194/477
f 924/1198/476 925/1199/476 930/1195/477
f 925/1199/476 926/1200/476 929/1196/477
f 927/983/476 928/982/477 929/1196/477
